ID,Character,Original Text,Reference,Translation
__translator__,,Translator,,nep0num
__language__,,Language,en_US,ru_RU
__episode__,,Episode ID,,main_8
__chapter__,,Chapter Name,obt/main/level_st_08-06,尾声，抑或开始
,,,,
char-1,凯尔希,凯尔希,Kal'tsit,Кель'си
char-2,陈,陈,Ch'en,Чэнь
char-3,阿米娅,阿米娅,Amiya,Амия
char-4,萨卡兹雇佣兵,萨卡兹雇佣兵,Sarkaz Mercenary,Наёмник Саказов
char-5,W,W,W,W
char-6,极境,极境,Elysium,Экьюдзи
char-7,霍克,霍克,Hawk,Хоук
char-8,整合运动成员,整合运动成员,Reunion Member,Член «Воссоединения»
char-9,盾卫,盾卫,Shieldguard,Щитовик
char-10,迷迭香,迷迭香,Rosmontis,Розмарис
char-11,罗德岛干员,罗德岛干员,Rhodes Island Operator,Оператор «Родос Айленд»
char-12,“皇帝的利刃”,“皇帝的利刃”,'Emperors' Blade',«Императорский клинок»
char-13,？？？,？？？,"??? ",???
char-14,影卫,影卫,Shadow Guard,Теневой страж
char-15,幻影弩手,幻影弩手,Phantom Crossbowman,Призрачный арбалетчик
char-16,罗德岛近卫干员？,罗德岛近卫干员？,Rhodes Island Guard?,Гвардеец Родоса?
char-17,乌萨斯民众,乌萨斯民众,Ursus Civilian,Житель Урсуса
char-18,弑君者,弑君者,Crownslayer,Убийца королей
char-19,九,九,Nine,Цзю
char-20,鼠王,鼠王,Rat King,Король крыс
char-21,魏彦吾,魏彦吾,Wei Yenwu,Вэй Яньу
char-22,文月,文月,Fumizuki,Фумидзуки
char-23,煌,煌,Blaze,Блейз
char-24,Medic,Medic,Medic,Медик
char-25,杜宾,杜宾,Dobermann,Дубин
char-26,临光,临光,Nearl,Шининг
char-27,陨星,陨星,Meteorite,Метеорит
char-28,可露希尔,可露希尔,Closure,Кложур
char-29,诗怀雅,诗怀雅,Swire,Свауар
char-30,星熊,星熊,Hoshiguma,Хошигума
char-31,科西切,科西切,Kashchey,Кащей
char-32,推进之王,推进之王,Siege,推进之王
char-33,伊斯拉姆·维特,伊斯拉姆·维特,Islam Witte,伊斯拉姆·维特
char-34,费奥多尔,费奥多尔,Fyodor,费奥多尔
char-35,塔露拉,塔露拉,Talulah,塔露拉
char-36,霜星,霜星,FrostNova,霜星
,,,,
line-15,凯尔希,糟糕，阿米娅！！,"Damn it, Amiya! ","Черт, Амия!!"
line-17,陈,啊......！怎么回事，阿米娅？！,"Ah...! What happened, Amiya?!  ","А... Чэнь! Что происходит, Амия?!"
line-18,,发生什么了！;怎么会......;凯尔希，想想办法！,"What's going on?;How did...?;Kal'tsit, do something!","Что случилось?!;Как же так...;Кель'цит, придумай что-нибудь!"
line-21,凯尔希,......过来，Dr.{@nickname}。,"...Come here, Dr. {@nickname}.","...Подойди, Доктор."
line-22,凯尔希,接下来我要做的这件事，你不可以告诉任何人。,"What I'm about to do next, you are not to tell anyone, ever.","То, что я сейчас сделаю, ты не должен никому рассказывать."
line-23,凯尔希,龙门的陈长官！,Superintendent Ch'en of Lungmen!,Офицер Чэнь из Департамента охраны Лунмэня!
line-25,陈,不再是了。,No longer.,Уже нет.
line-27,凯尔希,那就请你帮我看住那边那条龙。之后我们会立刻对她进行收监。你有任何问题吗？,"Then I'll ask you to keep an eye on the dragon over there for me. We'll be taking her into custody when this is all over. Any questions?  ",Тогда прошу тебя присмотреть за той драконихой. Вскоре мы поместим её под стражу. У тебя есть какие-либо вопросы?
line-29,陈,先照顾阿米娅吧。,Look after Amiya first.,Сначала позаботься об Амии.
line-34,凯尔希,好。博士，把手伸出来。,"Yes. Doctor, give me your hand. ","Хорошо. Доктор, протяни руку."
line-35,,好！;（伸出手）;我就算退后你也会拽住我对不对？,"Okay!;(Stretch out your arm);You'd just grab it anyway if I tried to back away, wouldn't you?","Хорошо!;(Протягиваю руку);Даже если я отступлю назад, ты всё равно меня схватишь, верно?"
line-37,凯尔希,哎。不会痛，但是，不要问。,"*Sigh*. This isn't going to hurt. But, don't ask. ","Эх. Будет не больно, но... ничего не спрашивай."
line-38,凯尔希,我会将这根注射器刺进你的手臂，抽你一点血。其他的不要问。,"I'm going to jam this syringe into your arm and take some blood. And that's all I'm telling you. ",Я введу этот шприц тебе в руку и возьму немного крови. Больше ничего не спрашивай.
line-39,凯尔希,就当为了你自己好。,It's for your own good.,"Считай, что это ради твоего же блага."
line-40,,这是......,Um...,Это ведь...
line-42,凯尔希,不要问。,No questions.,Не спрашивай.
line-46,,她说的对，的确没有什么感觉。,"She's right, it doesn't hurt. You don't feel anything.","Она была права, я действительно почти ничего не почувствовал."
line-47,,凯尔希将你新鲜的血液装进了腰间的仪器，数秒后，她将淡青色的成品输送进了阿米娅的脖颈。,"Kal'tsit places your freshly drawn blood into a device on her waist. Seconds later, she administers a blue solution into Amiya's neck. ","Кель'цит поместила твою свежую кровь в инструмент на поясе, и спустя несколько секунд ввела бледно-голубую субстанцию в шею Амии."
line-48,,阿米娅的呼吸渐趋平稳。,Amiya's breathing stabilizes.,Дыхание Амии стало ровным.
line-51,,怎么回事？！,"What happened?! ",Что происходит?!
line-54,阿米娅,......唔......！,....Nng!,...Мгх...!
line-56,凯尔希,起作用了。阿米娅......醒醒。,"It worked. Amiya... wake up. ",Сработало. Амия... проснись.
line-58,阿米娅,啊......特蕾西娅小......小姐......？,Huh... Miss... Miss Theresa...?,А... госпожа... Тереза...?
line-60,凯尔希,......不，我不是。是我，阿米娅。,"...No. It's me, Amiya. ","...Нет, это не она. Это я, Амия."
line-65,阿米娅,凯尔希医生......我......,Dr. Kal'tsit... I...,Доктор Кель'цит... я...
line-67,凯尔希,没事的，阿米娅。不要强迫自己说话。我们该准备离开了。已经没事了。,"You're okay, Amiya. You don't have to talk. Let's get ready to go. It's all okay now.   ","Всё хорошо, Амия. Не заставляй себя говорить. Нам пора готовиться к отъезду. Всё уже позади."
line-69,阿米娅,嗯。,Hm.,Мгм.
line-70,阿米娅,......嗯......,...Hmm...,...Мгм...
line-71,阿米娅,呜......,*whine*...,У-у...
line-72,阿米娅,呜......啊......呜呜......,Wah... Aahh.... Waaahhh...,У-у... а... у-у...
line-73,,你怎么哭了？;阿米娅......;（默默地陪在阿米娅身旁）,Why are you crying?;Amiya...;(Silently stay with her),Почему ты плачешь?;Амия...;(Молча остаюсь рядом с Амией)
line-75,阿米娅,呜......博士......呜......哇......,Waaahhh... Doctor... Waaaaahh...,У-у... Доктор... у-у... ва-а...
line-76,,......没事了，阿米娅。,"It's okay, Amiya.","...Всё хорошо, Амия."
line-78,,战斗已经结束了。,The fight is over.,Битва окончена.
line-80,阿米娅,嗯......嗯......,Um... Mm...,Мгм... мгм...
line-81,阿米娅,嗯。,Hm.,Мгм.
line-82,阿米娅,......眼泪......博士，我忍到最后了......我......答应好的......我......我也......,"...My tears... Doctor, I managed not to cry until the end... I... I promised... I... I...","...Слёзы... Доктор, я сдерживалась до последнего... я... я ведь обещала... я... я тоже..."
line-83,阿米娅,......博士......博士......,...Doctor... Doctor...,...Доктор... Доктор...
line-84,阿米娅,......Dr.{@nickname}......,...Dr. {@nickname}...,...Доктор.
line-90,凯尔希,陈，马上我们的飞行器会在指挥塔降落。我们一起离开，带上塔露拉。,"Ch'en, the aircraft will reach the control tower momentarily. We'll take Talulah and go. ","Чэнь, наш летательный аппарат скоро приземлится на командной башне. Мы улетаем вместе, Талула с нами."
line-92,陈,你真的要这么做？我甚至......还没想好要怎么处置她。,"Are you sure? I haven't... even decided how to handle her. ","Ты правда собираешься это сделать? Я даже... ещё не решила, что с ней делать."
line-94,凯尔希,我们需要塔露拉。罗德岛必须先于其他人得到她。,"We need Talulah. Rhodes Island must take her first. ",Талула нам нужна. Родос должен заполучить её раньше остальных.
line-95,,那会给我们带来麻烦！;......;你再怎么语出惊人也不会吓到我了。,That's going to bring trouble!;......;The crazy shit you say doesn't even surprise me anymore.,Это принесёт нам неприятности!;...;Твои шокирующие заявления меня больше не пугают.
line-97,凯尔希,你是不是害怕这会给我们带来杀身之祸？,Are you worried we're going to get ourselves killed?,"Ты боишься, что это погубит нас?"
line-98,凯尔希,不必担心，Dr.{@nickname}。在决定参与这件事时，我们就已经濒临毁灭了。,"No need, Dr. {@nickname}, that ship has long since sailed. It sailed as soon as we got involved here. ","Не беспокойся, Доктор. Мы оказались на грани гибели ещё в тот момент, когда решили во всё это ввязаться."
line-99,凯尔希,两把利剑悬在我们头顶，这两把剑，一把握在龙门手里，另一把则握在乌萨斯第三集团军手里。,We have two swords hanging over our heads: one is Lungmen's and one belongs to the Third Army of Ursus.,"Над нашими головами занесены два меча: один в руках Лунмэня, а другой — в руках Третьей армии Урсуса."
line-100,凯尔希,......停下了切尔诺伯格核心城，参与了龙门攻防战，知晓内幕，光这三条就足够他们暗中毁灭罗德岛十数次。,"We stopped the core city, we got involved in the attack on Lungmen, and we know the entire conspiracy. That's enough to have them plotting to destroy us.","...Остановка ядра Чернобога, участие в битве за Лунмэнь, знание внутренних тайн — этого более чем достаточно, чтобы они тайком уничтожили Родос десятки раз."
line-101,凯尔希,如果龙门想要攻击我们，第三集团军会怎么做？,What would the Third Army do if Lungmen decided to strike at us?,"Если Лунмэнь захочет напасть на нас, что сделает Третья армия?"
line-102,凯尔希,他们会袖手旁观。,They'd grab the popcorn.,Они будут просто смотреть.
line-103,凯尔希,这些披着制服的刽子手会看着我们这艘舰船在荒野上燃烧殆尽，他们的一块心病随之而去。,"The murderers in their fancy uniforms would watch our landship burn into a scorched hulk in the wastelands, one of the thorns in their side melting away.","Эти палачи в мундирах будут наблюдать, как наш корабль сгорает в пустыне, чувствуя, как с плеч долой падает тяжкий груз."
line-104,凯尔希,反之亦然：一家并未于龙门注册，不受龙门保护的私人企业，因遭到不明势力的武装袭击而在某处土崩瓦解。,"And on the other side, a private company without registration in Lungmen, not under the protection of Lungmen, finds itself attacked and destroyed by unknown forces.","И наоборот: частная компания, не зарегистрированная в Лунмэне и не защищённая им, разваливается где-то из-за вооружённого нападения неизвестных сил."
line-105,凯尔希,这与龙门何干，又与大炎何干呢？,"That doesn't sound like a problem for Lungmen or Yan, does it?",Какое до этого дело Лунмэню или Янь?
line-106,凯尔希,除非我们扣留塔露拉。,"Unless, of course, we're holding Talulah.",Разве что мы удержим Талулу.
line-107,凯尔希,无论谁想对罗德岛出手，都要考虑一下，是否要在现在向他们的对手发出一个信号：“我想要夺取关键的证据，塔露拉。”,"Anyone who might want to strike at us first needs to consider the signal they're sending. Does it say to their rivals that they need Talulah? That she's key to this case? ","Кто бы ни захотел ударить по Родосу, ему придётся подумать, стоит ли сейчас подавать сигнал своему противнику: «Я хочу захватить ключевое доказательство, Талулу»."
line-108,凯尔希,“我想通过这个证据来建立优势，抹除劣势。”,"That she grants an advantage, that she could eliminate a weakness? ","«Я хочу использовать это доказательство, чтобы получить преимущество и устранить недостатки»."
line-109,凯尔希,我们唯一的生机在于他们各自的运作模式。,That is our one and only chance at survival.,Наш единственный шанс — в их собственных методах работы.
line-110,凯尔希,罗德岛应该庆幸......庆幸龙门的巨贾们和乌萨斯的旧贵族在百年内尚没有任何握手言和的可能性。,It is to Rhodes Island's great advantage that the magnates of Lungmen and the ancient nobility of Ursus will not find common ground in the next century.,"Родосу следует радоваться... радоваться, что у толстосумов Лунмэня и старой знати Урсуса нет ни единого шанса договориться в ближайшее столетие."
line-111,凯尔希,他们会因为塔露拉在我们手上而相互钳制，谁也不会轻易出手。,"If we hold Talulah, their hands are tied. Neither will want to make the first move.","Они будут сдерживать друг друга из-за того, что Талула у нас, и никто не решится действовать опрометчиво."
line-112,凯尔希,与其冒风险夺走这个于敌于己都十分关键的证据，不如保持距离。保证自己和自己的对手都与这证据保持一定的距离。,"Neither will want to risk the evidence vital to both sides. Their best course of action will be to remain at a safe distance. Both parties want to distance themselves from this smoking gun. ","Вместо того чтобы рисковать, пытаясь отобрать это критически важное для обеих сторон доказательство, лучше держать дистанцию. Гарантировать, что и они, и их противники держатся от него на расстоянии."
line-113,凯尔希,对于第三集团军和龙门而言，一着不慎就是穷途末路。他们毕竟不能代表自己的国家。,"It would take only one slight misstep to bring ruin to either the Third Army or Lungmen. Neither has the authority to stand for their entire country. ","Для Третьей армии и Лунмэня любая ошибка — это тупик. В конце концов, они не могут представлять свои страны напрямую."
line-114,凯尔希,......第三集团军尝试这么做了，他们会为自己冒进的错误付出代价。代价已经够高了。这样的赌注对于每个阵营而言都太大了。,"The Third Army tried, once. And they will pay a terrible price for the mistake. The stakes are too high.  ","...Третья армия попыталась, и они заплатят за свою ошибку. Цена уже была высока. Такая ставка слишком велика для каждого из них."
line-115,凯尔希,所以，我们要试着逼迫他们。我们要让他们自互相的对手的威胁中保护我们。,"So we will seize the advantage in this situation. We will use each side to protect ourselves from the other. ",Поэтому мы попробуем их заставить. Заставить их защищать нас от угроз со стороны их противников.
line-116,凯尔希,塔露拉对于罗德岛至关重要。至少现在，她至关重要。,"Talulah is vital to our survival. At least for now. ","Талула жизненно важна для Родоса. По крайней мере, сейчас."
line-117,凯尔希,这些还活着的聪明人会找到那个平衡点的。这艘羁押着塔露拉的罗德岛应该主动选择成为这个平衡点......,"Those clever enough to survive will find a balancing point, and with Talulah in our hands, Rhodes Island can actively choose to be that very point. ","Эти выжившие умники найдут точку баланса. Родос, удерживающий Талулу, должен добровольно стать этой точкой баланса..."
line-118,凯尔希,直到这件事情不再重要。或者说，直到他们被卷进下一场风暴。,"At least until this all blows over, or they're swept up in the next storm. ","Пока это не перестанет быть важным. Или, точнее, пока их не затянет в следующую бурю."
line-119,,我说不动你。;......;你早就有这个打算是不是？,"I won't be able to convince you.;......;You planned this from the start, didn't you?","Тебя не переубедить.;...;Ты ведь давно это задумала, не так ли?"
line-121,凯尔希,呵......,*Sigh*...,Хе...
line-122,凯尔希,飞行器已经来了。走吧，我们先把阿米娅和塔露拉送上去。,"There's the aircraft. Time to go. Get Talulah and Amiya in first. ","Летательный аппарат прибыл. Пошли, сначала отправим на борт Амию и Талулу."
line-123,凯尔希,我和你坐第二架。,We'll take the next one.,Мы с тобой полетим на втором.
line-131,萨卡兹雇佣兵,再打下去也没意义了。那些游击队的家伙们会要了我们的命。,"There's no point in fighting any more. The guerrillas are gonna kill us. ",Нет смысла продолжать драку. Эти партизаны нас перебьют.
line-132,萨卡兹雇佣兵,撤退！撤出这座城市。我们输了！我们打了场没意义的仗。,"Fall back! Abandon the city! We lost! It's over.   ",Отступаем! Уходим из города. Мы проиграли! Мы вели бессмысленную войну.
line-134,W,谁说没有？,Says who?,"Кто сказал, что бессмысленную?"
line-136,萨卡兹雇佣兵,你还活着......？,You're alive...,Ты ещё жива...?
line-138,W,那么容易死的话，就不配让你们跟我走了。,"If I went down that easy, I couldn't ask you to come with me.","Если б я так легко умирала, я бы не стоила того, чтобы вы шли за мной."
line-140,萨卡兹雇佣兵,理由。给个我们把你当老大的理由。,"Why? Why should we follow you? ","Причина. Назови причину, чтобы мы признали тебя своим боссом."
line-142,W,哈，你没意识到一件事吗？你自由了，傻大个。,"Hah. Need me to spell it out for you? You're free, ya goof. ","Ха, до тебя до сих пор не дошло? Вы свободны, здоровяк."
line-144,萨卡兹雇佣兵,......什么？自由？什么东西？,"...Huh? Free? What are you talking about?  ",...Что? Свободны? О чём ты?
line-146,W,现在你们已经不再是谁的杀手了。我也不是你的头儿，我只是邀请你们和我一起走。,"You don't have to kill for anybody anymore. And it's not like I'm your boss now either, I'm just saying you can tag along with me. ","Теперь вы больше не чьи-то наёмные убийцы. И я не ваш командир, я просто приглашаю вас уйти вместе со мной."
line-147,W,不用再为了谁去杀谁，为自己打仗吧！哦，当然，谁要是为了兴趣屠杀取乐，我第一个把他的肋骨从胸里炸出来。,"You're done being hired muscle. Now you fight for yourselves! Oh, but still, you can't just be killing for fun. I'll blow your ribcage open if you do. ","Больше не нужно сражаться за кого-то. Сражайтесь за себя! О, конечно, если кто-то хочет убивать ради забавы, я первая взорву ему рёбра изнутри."
line-148,W,当然，我要说的是，我们用不着再跟着任何只是想着利用我们的刀和弩的人走了。他们不想我们活着，他们只想我们在死前带去更多的死。,"What I'm getting at is we don't have to listen to the bitches who just want our blades and bows. The ones who don't care if we die, as long as we take a bunch of lives with us. ","Разумеется, я говорю о том, что нам больше не нужно следовать за теми, кто лишь хочет использовать наши мечи и арбалеты. Им не нужно, чтобы мы жили, им нужно лишь, чтобы перед смертью мы забрали с собой как можно больше жизней."
line-149,W,但我！我不一样。我觉得，钱是个好东西。他们给我们的很多。,"But me? I'm built different. I appreciate money, and they gave us lots.   ",Но я! Я не такая. Деньги — это хорошая штука. Нам дают их много.
line-150,W,但我们活着，我们挣得更多，而不是把那些他们许诺好的财富丢在其他人的坟头上面等着风干。,"The thing is, we're still alive, and we can get more of it. Don't need to go piling up cash on gravestones.","Но если мы живы, мы заработаем больше, чем бросать обещанные ими богатства на могилы других, дожидаясь, пока они высохнут на ветру."
line-151,W,看到瞧不起我们的就干掉。看到不顺眼的也干掉。看到那些想害我们的也干掉。我们把他们全部干掉。,"See some haters? Kill 'em. Kill anybody who looks at us the wrong way. Kill anybody who wants to hurt us. Just wipe 'em all out.   ","Видишь тех, кто нас презирает — убивай. Видишь тех, кто не нравится — убивай. Видишь тех, кто хочет нам навредить — убивай. Перебьём их всех."
line-152,W,不为了谁。不为了整合运动，也不为了什么整个魔族。,"Not for Reunion, not for all the devils, not for anybody. ","Не ради кого-то. Не ради «Воссоединения», и не ради всего нашего народа."
line-153,W,我们自己去挣我们这条命。你就是想去学个炎国的围棋都不要紧，你爱怎么样怎么样。,"We make our own way in the world. Maybe we wanna go to Yan and learn how to play Go. Doesn't matter. It's all good. ","Мы сами заработаем себе на жизнь. Хоть иди учись играть в яньский вэйци, мне плевать, делай что хочешь."
line-154,W,走不走？,You in?,Идёте?
line-156,萨卡兹雇佣兵,......反正我们也没地方可去。,Not like there's anywhere else to go.,...Всё равно нам некуда идти.
line-157,萨卡兹雇佣兵,就听你的。但是，别耍花样，W。,"We'll follow you. But no tricks, W. ","Ладно, пойдём. Но без фокусов, W."
line-159,W,那不行，兄弟。我得耍很多很多花样。,"Sorry, man. All I got is tricks. ","Не выйдет, брат. Мне придётся устроить ещё немало фокусов."
line-167,极境,结束了吗？,Is it over?,Всё кончено?
line-169,霍克,太好了，这一次也不用扮成别人的朋友去把他们害死，这也就算是好事了。,Looks good. I'm really glad we didn't have to pretend to be anyone's friend in order to kill them.,"Отлично, в этот раз хотя бы не пришлось притворяться чьим-то другом, чтобы потом отправить их на смерть. Хоть это хорошо."
line-170,霍克,没想到，在原本作战计划里本来是要搅乱他们......,I never thought the plan would flip around to helping Reunion like this...,"Не ожидал, что по изначальному плану нам нужно было сбить их с толку..."
line-172,整合运动成员,谢谢你，兄弟！打得好！快离开这里吧！,"Thanks, bro! Nice work! Let's get out of here!  ","Спасибо, брат! Отлично сработано! Уходи скорее отсюда!"
line-174,霍克,（乌萨斯语）没事儿！,(Ursine) Don't mention it!,(На урсусском) Ничего страшного!
line-175,霍克,......现在我们成了他们的助手。,Now we're their accomplices.,...Теперь мы стали их помощниками.
line-177,极境,霍克，回去以后要一起喝杯咖啡吗？我可以和你讲讲上次我们在哥伦比亚的行动......,"Hawk, how about a coffee when we get back? I'll tell you about that op back in Columbia... ","Хоук, выпьем кофе, когда вернёмся? Я могу рассказать тебе о нашей последней операции в Колумбии..."
line-179,霍克,那次我和你在一个小队。,I was on your team.,Я был в твоём отряде в тот раз.
line-181,极境,这样来着？,Really?,Да ладно?
line-183,霍克,你从来不记得小队的队友吗？,Don't you remember your squadmates?,Ты никогда не запоминаешь товарищей по отряду?
line-185,极境,因为每次我们都不是在作为罗德岛的小队活动的嘛。,Well you were never there for any of the missions.,Потому что каждый раз мы действуем не как отряд Родоса.
line-187,霍克,那这次......我们可能真的光彩地做了件好事。,Well then... We might've really done some good this time.,"Что ж... кажется, в этот раз мы действительно совершили нечто стоящее."
line-195,盾卫,等等，小猫，那是你们的飞行器吗？那是做什么的？,"Just a minute, kitten. Is that your aircraft? What's it doing? ","Погоди, кошечка, это ваш летательный аппарат? Для чего он?"
line-197,迷迭香,啊，那应该是......,"Oh, I know...","А, это, должно быть..."
line-198,迷迭香,叔叔，我们要带走塔露拉。啊，它飞走了......我们已经带走她了。,"It must be here to take Talulah. Ah, there it goes... we already have her. ","Дядя, мы забираем Талулу. А, она улетела... мы уже забрали её."
line-200,盾卫,......什么？你们，你们带走了塔露拉？,"What? You took Talulah? ",...Что? Вы... вы забрали Талулу?
line-201,盾卫,不。罗德岛没有这么做的权力！！,"No, we can't allow that! Rhodes doesn't have the right!  ",Нет. У Родоса нет такого права!!
line-202,盾卫,我们要审判她！她不能这么一走了之！！,"She must stand trial! She can't just walk away!  ",Мы должны её судить! Она не может просто так уйти!!
line-204,迷迭香,不行......不行。,Sorry... this is how it is.,Нельзя... нельзя.
line-205,迷迭香,因为你们想报仇，所以你们没有资格。,"You want revenge, but you can't have it.","Потому что вы хотите мести, у вас нет такого права."
line-206,迷迭香,我们没资格审判她。,We can't put her on trial.,У нас нет права судить её.
line-208,盾卫,但你们把她夺走了。你夺走了我们处死她的机会！,"But you're taking her from us. You stole our chance to execute her! ",Но вы её отняли. Вы отняли наш шанс казнить её!
line-209,盾卫,小猫，现学现卖可不对......,"Kitten, don't be so quick to show off what you've learned...","Кошечка, повторять за взрослыми — нехорошо..."
line-210,盾卫,仇恨在我们的血管里流淌，这整合运动和感染者同胞无数的被她害死的人的仇恨让我们浑身发热，所以我们才有资格审判她。,Hatred runs in our veins. The hatred of Reunion and all the Infected brothers Talulah killed fills us with the rage that gives us the right to try her.,"Ненависть течёт в наших венах, ненависть бесчисленных заражённых братьев и сестёр, которых она погубила, жжёт нас изнутри, поэтому только мы имеем право судить её."
line-211,盾卫,其他人不行。不可能。,"Only us. No one else. ",Другие — нет. Это невозможно.
line-213,迷迭香,那你们会公正地判决吗？,Will you give her a fair trial?,Тогда вы вынесете справедливый приговор?
line-215,盾卫,我们就是公正。塔露拉逃不出我们的手心。,"We are justice. Talulah can't escape us. ",Мы и есть справедливость. Талула не ускользнёт из наших рук.
line-217,迷迭香,这样好了，叔叔。我可以向你们发誓。我们绝对不会把塔露拉交给任何其他人，除了你们和整合运动。,"Okay then, Mister. I'll make you a promise. We won't hand Talulah over to anyone but you and Reunion.  ","Тогда давайте сделаем так, дядя. Я могу поклясться вам. Мы никогда не отдадим Талулу никому, кроме вас и «Воссоединения»."
line-219,盾卫,你们要她做什么？,What are you going to do with her?,Зачем она вам?
line-221,迷迭香,我也不知道。但我可以发誓。,"Even I don't know. But I can make you that promise. ",Я не знаю. Но я могу поклясться.
line-222,迷迭香,因为我也相信我们做的是对的。,Because I know we're doing what's right.,"Потому что я тоже верю, что мы поступаем правильно."
line-223,迷迭香,如果需要的话，就现在杀了我。我相信罗德岛做的，我可以和她换。,"Kill me now if you have to. I believe in Rhodes Island. I'll stand in for her. ","Если нужно, убейте меня сейчас. Я верю в то, что делает Родос, и я готова занять её место."
line-225,盾卫,......说什么！你不可以再这么说。,"What are you talking about?! Don't talk like that. ",...Что ты говоришь! Больше никогда так не говори.
line-226,盾卫,哎，小猫，你对罗德岛的忠诚，和我们有什么区别呢？我信你。你以后会是个光荣的战士。,"Look, kitten, if you think there's any difference between your loyalty and ours, you've got another thing coming. I Trust you. You'll be a glorious fighter someday.  ","Эх, кошечка, чем твоя преданность Родосу отличается от нашей? Я верю тебе. Ты вырастешь славным воином."
line-227,盾卫,走吧！看在你的份上，就相信你们罗德岛一回。,"Go on! For you, I'll trust Rhodes Island, just this once. ",Идите! Ради тебя — поверю Родосу в этот раз.
line-228,盾卫,但是，记住，无论是塔露拉，还是那个魔王......哪怕一次，只要有一次让我们知道你们在为非作歹......,But you remember. I don't care if it's Talulah or the Lord of Fiends... if I hear you've stepped out of line even just once...,"Но запомни: будь то Талула, будь то тот Лорд демонов... если мы хоть раз, хоть один раз узнаем, что вы творите зло..."
line-229,盾卫,只要你们给这大地上受到压迫和统治的人带去了更多苦痛，我们就会立刻找到你们，攻击你们，杀死你们。,"If I hear you've done harm to the downtrodden people of this world, we will hunt you down, we will strike you, and we will kill you all.","Если вы принесёте ещё больше страданий угнетённым и обездоленным на этой земле, мы немедленно найдём вас, атакуем и убьём."
line-230,盾卫,尤其是塔露拉。别让我看见你们用她做了什么坏事。,"Especially Talulah. Don't use her for evil. ","Особенно Талулу. Не дай мне увидеть, что вы используете её для злых дел."
line-231,盾卫,我们会把她们的头挂在城市最高的地方祭奠大尉，祭奠孤独地死在这里的伟大战士。,"We'll spike their heads on the highest point in the city, to honor the Captain, our great warrior, who died here alone.","Мы повесим их головы на самом высоком месте в городе в память о капитане, в память о великом воине, который умер здесь в одиночестве."
line-232,盾卫,他本不该是这种结局。,This isn't how his story was supposed to end.,Его конец не должен был быть таким.
line-234,迷迭香,不会发生那种事的。因为罗德岛不会这么做。而且，他们要这么做，我就不让他们这么做。,"It won't come to that. Rhodes Island wouldn't do that. Even if they tried, I wouldn't let them.  ",Этого не случится. Потому что Родос так не поступает. А если они захотят — я им не позволю.
line-235,迷迭香,以后......我会成为你们说的那个，能认出别人是好人还是坏人的人。,Someday... I'll be just like you said. I'll be able to pick out who's good and who's bad.,"В будущем... я стану той, о ком вы говорили, кто умеет отличать добрых от злых."
line-236,迷迭香,没人该再失去亲人了，如果这是好事的话，我会去做。我会审判。,"No one should suffer the loss of a loved one. I'll do what's right. I'll be the judge. ","Больше никто не должен терять близких, и если это добро — я его совершу. Я буду судить."
line-237,迷迭香,我觉得我快有一把自己的尺子了。,I think I almost have my own standard.,"Думаю, я почти готова создать свою собственную мерку."
line-239,盾卫,我们相信你。我们相信你的誓言，小猫！你年龄还小，却比那些直不起身子的成年人还要有担当得多。,"We believe in you. We believe your promise, kitten! Young as you are, you're a lot stronger than so many spineless grown-ups.  ","Мы верим тебе. Мы верим твоей клятве, кошечка! Ты ещё мала, но ответственнее многих взрослых, что давно опустили руки."
line-240,盾卫,我们同意了，因为你在，所以我们暂时不会去摧毁罗德岛。,"Alright, we'll hold off on destroying Rhodes Island for now. Because you're there.","Мы согласны, и пока ты там — мы не будем уничтожать Родос."
line-242,迷迭香,打勾勾吗？,Pinky swear?,Помиримся?
line-244,盾卫,啊？哈哈，好。打勾，是吗？,"Huh? Haha, okay. Pinky swear.  ","А? Ха-ха, хорошо. Помиримся, значит?"
line-246,迷迭香,嗯。,Hm.,Мгм.
line-248,盾卫,......如果我有女儿，应该也有你这么大。,"If I had a daughter, she'd be about your age.","...Если бы у меня была дочь, она была бы твоего возраста."
line-249,盾卫,小猫，如果另一个女孩，那个魔王......那个卡特斯。如果她真的能做好，真的能走下去的话......,"Kitten, the other girl, the Lord of Fiends... the Cautus. If she can really keep doing good... ","Кошечка, если та другая девочка, этот Лорд демонов... этот санкас... если она действительно справится и сможет идти дальше..."
line-250,盾卫,......你可以信我们，小猫。你们有难的时候，我们也会来。因为大尉......大尉和叶莲娜她......已经选了她。,"You can count on us. If you ever get into trouble, we'll be there. Because the Captain... the Captain and Yelena... they chose her..  ","...Можешь верить нам, кошечка. Когда у вас будут трудности, мы тоже придём. Потому что капитан... Капитан и Елена... выбрали её."
line-251,盾卫,希望以后你们的路能证明你们是对的，我们是错的。,I hope you'll prove right. I hope we're wrong.,"Надеюсь, ваш путь докажет, что вы были правы, а мы — нет."
line-252,盾卫,但这不可能。因为我们的事业是正当的。,"But that's not how it'll go. Because we're doing the right thing. ",Но это невозможно. Потому что наше дело правое.
line-253,盾卫,你该走了。,Time to go.,Тебе пора.
line-255,罗德岛干员,迷迭香！我们......整合运动的战士们，谢谢你们。我们该走了。,"Rosmontis! Thank you, Reunion fighters.... We have to go.  ","Розмари! Мы... спасибо вам, воины «Воссоединения». Нам пора."
line-257,盾卫,不再是整合运动了。,We're not Reunion anymore.,Это больше не «Воссоединение».
line-258,盾卫,再见了小猫。快走吧。,"Goodbye, kitten. Hurry on home. ","Прощай, кошечка. Скорее уходи."
line-260,迷迭香,拜拜，叔叔。,"Bye bye, Mister.","Пока, дядя."
line-268,盾卫,再见！,Bye!,Прощай!
line-269,盾卫,......,......,...
line-270,盾卫,他们走了，兄弟们。,"They're gone, brothers.","Они ушли, братья."
line-271,盾卫,我们不行。我们还不能走。我们还有事情没做完。,"But we can't. We have unfinished business.  ",Мы — нет. Мы ещё не можем уйти. У нас остались незаконченные дела.
line-287,“皇帝的利刃”,已经收不到整合运动领袖的回信了。,Nothing from the leader of Reunion.,Мы больше не получаем ответа от лидера «Воссоединения».
line-288,“皇帝的利刃”,切尔诺伯格核心城也已停止运作。通知第六第七和第十二师团，如果他们还想照计划进行，现在就该......,"Chernobog's core city has stopped moving. Tell the Sixth, Seventh, and Twelfth Divisions, if they still want to proceed, we'll need... ","Ядро Чернобога тоже остановилось. Уведомите 6-ю, 7-ю и 12-ю дивизии: если они всё ещё хотят действовать по плану, сейчас самое время..."
line-290,？？？,停下吧。,Stop.,Остановитесь.
line-291,？？？,否则就只能我们来让你们停下。,Or we will be forced to stop you.,Иначе нам придётся заставить вас остановиться.
line-292,？？？,......即使我们这么做了，也不会产生作用。,"Not that we would be able to, even if we tried.","...Даже если мы так сделаем, толку не будет."
line-293,？？？,只有你们现在还来得及停下你们那几台缺乏理智的战争机器。,Only you can put a stop to your nonsensical war machine in time.,Только вы сейчас ещё можете остановить эти свои безмозглые машины войны.
line-295,“皇帝的利刃”,你们无法与乌萨斯的利刃对抗。不再能了。,"You cannot resist the blade of Ursus. Not this time. ",Вы не можете противостоять лезвию Урсуса. Уже не можете.
line-296,“皇帝的利刃”,......而且，你们，哪怕连昏君的命令都能言听计从的走卒有什么资格教训我们？,"And you, the pawns of an incapable lord, who are you to give orders to us?","...К тому же, кто вы такие, прихвостни, что слепо исполняют приказы безумного правителя, чтобы нас учить?"
line-298,影卫,（高卢语）你又怎么知道自己是不是被科西切蛊惑了？,(Gaulish) And how do you know you are not under the spell of Kashchey?,"(На галльском) А с чего ты взял, что сам не находишься под чарами Кощея?"
line-300,“皇帝的利刃”,别再用那种语言与我说话......高卢的时代已经过去了！,Never speak that language to me again! The age of Gaul is over!,Хватит говорить со мной на этом языке... эпоха Галлии прошла!
line-301,“皇帝的利刃”,用他们的语言进行国度间的交流的时代，也已经过去了！他们连一座城市都不剩下！,"Never again will that language be used to communicate between countries! Not a city of theirs remains! ",Эпоха международного общения на их языке тоже прошла! От них не осталось ни одного города!
line-302,“皇帝的利刃”,科西切，他一直坚持，他一直在为乌萨斯奉献！,"Kashchey is determined, a determined champion of Ursus!","Кощей — он всегда был верен, он всегда служил Урсусу!"
line-304,影卫,上一个被乌萨斯人这么称颂的人死在你们的刀下。,You cut down the last man so praised by the people of Ursus.,"Последний, кого так называли урсусцы, пал от ваших рук."
line-305,影卫,不用再瞻前顾后了，我们可以帮你们一把。有些事只能你们来做。,"You need not be so overly prudent. We can offer you assistance. There are things only you may do. ","Хватит топтаться на месте, мы можем вам помочь. Есть вещи, которые под силу только вам."
line-307,“皇帝的利刃”,你想引诱我们背叛国家？,You would ask us to betray our country?,Ты хочешь склонить нас к предательству страны?
line-309,影卫,年轻人......依我之见，你们继续一意孤行才是叛国之举。接下来发生的事你可以自己选，但事情的结果却是乌萨斯去承担。,"Young one... As I see it, you commit treason in proceeding with this plan of yours. What happens next is up to you, but it is Ursus who will suffer the consequences. ","Молодой человек... на мой взгляд, именно ваше упорство и есть измена. Вы можете выбирать, что будет дальше, но последствия — их придётся расхлёбывать Урсусу."
line-310,影卫,既然你们现在这么做了，你们肯定是清楚的：贵族们引发战争只是为了解决一个问题，但战争，战争更糟。,"Having done all this, you must know: the nobles started this war to solve a problem, but war is far, far worse than the problem.","Раз вы так поступаете, вы наверняка понимаете: аристократы развязали войну, чтобы решить одну проблему, но сама война... война намного страшнее."
line-311,影卫,你们想在哪里一劳永逸地重建乌萨斯的安宁？,Where is it you will find ultimate peace in Ursus?,Где вы хотите раз и навсегда восстановить мир в Урсусе?
line-312,影卫,你们自己结束了那个时代。你们比我们更清楚。,"You put an end to that era by your own hands. You know it better than we. ",Вы сами покончили с той эпохой. Вам лучше нас это известно.
line-314,“皇帝的利刃”,——,——,—
line-315,“皇帝的利刃”,魏彦吾的走卒。你们是怎么找到我们的？,"Wei Yenwu's minions. How did you find us? ",Прихвостни Вэй Яньву. Как вы нас нашли?
line-317,影卫,凭本事。你们还有很多要学。,By our own effort. You have a lot to learn.,По мастерству. Вам ещё многому предстоит научиться.
line-319,“皇帝的利刃”,你威逼我？,Are you threatening me?,Ты угрожаешь мне?
line-321,影卫,不，我们只是......到了年龄。,No. Only... we have aged.,"Нет, мы просто... повзрослели."
line-322,影卫,以及，也许你们自诩忠诚于国家......,And while you boast of loyalty to your homeland...,"И, возможно, вы кичитесь своей преданностью государству..."
line-323,影卫,但有些事，不管在你们眼里我们够不够忠义......我们都是不会去做的。,"There are some matters, however loyal you may view them... in which we will play no part.","Но есть вещи, которые, как бы вы нас ни судили в плане чести, мы делать не станем."
line-325,“皇帝的利刃”,义是什么？,What are you talking about?,Что такое долг?
line-327,影卫,一些我们做不到的事。,That which we will not do.,"То, на что мы не способны."
line-328,影卫,（高卢语）我们都各自退一步吧，年轻人。,"(Gaulish) Let's take a step back, young one.","(На галльском) Давайте оба сделаем шаг назад, юноша."
line-329,影卫,皇帝内卫有得是新鲜血液。你们会活得比我们长。假如这件事真的不对，你们却还有机会去纠正它。,"The Royal Guard has fresh blood. You have more life ahead of you than we. If this is wrong, you will have time to right it.  ","В личной гвардии Императора полно свежей крови. Вы будете жить дольше нас. Если всё это действительно неверно, у вас ещё есть шанс исправить ошибку."
line-330,影卫,倘若真的为它着想，就不要踏进同一个错误里去。,"But you must think of Ursus, so as to avoid the same pitfalls.","Если вы действительно радеете за него, не наступайте на те же грабли."
line-332,“皇帝的利刃”,......,......,...
line-334,影卫,谁去解决？,Who will right it?,Кто будет решать?
line-336,“皇帝的利刃”,我们自己去。你们去拦住你们的人。,"We will. You put a stop to your people. ",Мы сами. А вы — идите и сдержите своих.
line-337,“皇帝的利刃”,还有，老家伙们......你们已经不再是禁军了。少管闲事。,"And you, old men... You're not in the Imperial Guard anymore. Don't interfere. ","И ещё, старики... вы больше не гвардейцы. Не суйте нос не в свои дела."
line-339,影卫,正因为早就不是了，所以现在才能来说些闲话。活久一些，年轻人。,"Indeed, it has been a long, long time since we last were. Such is why we may speak freely. Long life to you, young one. ","Именно потому, что давно уже не гвардейцы, мы и можем позволить себе поболтать. Живите подольше, юноша."
line-340,影卫,后会无期。,There will not be a next time.,Больше не свидимся.
line-350,整合运动成员,求求你......求求你！,Please... I'm begging you!,Умоляю... умоляю!
line-351,整合运动成员,要杀我，就给我个痛快！,"If you're going to kill me, just do it!","Убей меня, покончи с этим!"
line-353,幻影弩手,......,......,...
line-355,整合运动成员,我不想被他们找到！他们一定会折磨我们......他们一直......,"Just don't let them find me! They'll torture us... they always... ","Я не хочу, чтобы они нас нашли! Они будут пытать нас... они всегда..."
line-357,幻影弩手,别再听信流言了。,Enough gossip.,Хватит верить слухам.
line-358,幻影弩手,走吧！快点，我想......,"Move out! Come on, we don't want... ","Уходите! Скорее, я хочу..."
line-359,幻影弩手,别让盾卫找到你们。,The Shieldguards to get you.,Не дайте щитовикам вас найти.
line-361,整合运动成员,......你......你当真能放我们走？,Are you... you really letting us go?,...Ты... ты правда нас отпустишь?
line-363,幻影弩手,队长也会希望你们活下来吧。因为队长也是个迷茫的人。,"The captain would want you to live. Confusing one, that. ","Капитан тоже хотела бы, чтобы вы выжили. Потому что капитан сама — потерянный человек."
line-364,幻影弩手,日后避开这些人吧。无论是塔露拉的亲卫还是盾卫。,"You stay away from them. Talulah's guards and the Shieldguards. ","В будущем держитесь подальше от них. И от личной гвардии Талулы, и от щитовиков."
line-365,幻影弩手,......迷茫的人。,Confusing one.,...Потерянные люди.
line-374,幻影弩手,你是决定要留下？,You sure you want to stay?,Ты решил остаться?
line-376,罗德岛近卫干员？,是。,Yes.,Да.
line-378,幻影弩手,可是整合运动也不在了......,But Reunion is gone...,Но ведь «Воссоединения» больше нет...
line-380,罗德岛近卫干员？,我想即使是盾卫，可能也代表不了整合运动。,I think you can't even call the Shieldguards Reunion anymore.,"Думаю, даже щитовики не могут олицетворять собой всё «Воссоединение»."
line-381,罗德岛近卫干员？,因为他们已经不这么叫自己了。,They sure don't call themselves that.,Потому что они больше так себя не называют.
line-382,罗德岛近卫干员？,除非......除非我们去改变这些事。,Unless... unless we were going to make some changes.,Если только... если только мы не изменим всё это.
line-384,整合运动成员,我们作为整合运动去改变整合运动自己。,"If we're Reunion, we have to change ourselves.","Мы, как «Воссоединение», изменим само «Воссоединение»."
line-386,幻影弩手,你还信这个吗？,You still believe that?,Ты всё ещё веришь в это?
line-388,整合运动成员,我相信感染者摔倒了还能爬起来。,I know we Infected can pull ourselves up when we fall.,"Я верю, что даже упав, заражённые могут подняться."
line-396,,在之后的三十六个小时里，切尔诺伯格核心城中潜伏的所属第三集团军的乌萨斯军人，悄然无声地消失在空气里。,"Over the next thirty-six hours, the soldiers from Ursus's Third Army who had infiltrated the Chernobog core city quietly vanished.","В последующие тридцать шесть часов солдаты Третьей армии Урсуса, скрывавшиеся в ядре Чернобога, беззвучно растворились в воздухе."
line-397,,当然，没人能证明他们是乌萨斯的军人。,"Of course, no one could prove they were Ursus soldiers.","Разумеется, никто не мог доказать, что они были солдатами Урсуса."
line-398,,在撤离核心城之前，盾卫们也发现了不少整合运动的尸体。他们没有携带任何能证明他们身份的物件，除了他们身体上的伤口......,"Before leaving the core city, the Shieldguards found Reunion corpses with no identifying items, except for the wounds in their flesh... ","Перед отходом из ядра города щитовики также обнаружили немало трупов «Воссоединения». У них не было при себе ничего, что подтверждало бы личность, кроме ран на телах..."
line-399,,那些伤口都来自同一种投掷武器。,They were all caused by the same thrown weapon.,Все эти раны были нанесены одним и тем же метательным оружием.
line-400,,无形的凶手谋害了只有他们熟识的暴徒，以此向不在场的阴谋家发出了无声的警告。,"The formless killers planned to kill the heavies they knew, sending a quiet warning to the unseen parties who were not present.","Незримый палач убил бандитов, которых знал только он, отправив тем самым молчаливое предупреждение отсутствующим заговорщикам."
line-401,,当然，盾卫们的警告更直接了当。叛徒必将血流成河。,"Of course, the Shieldguards were more direct with their message. Traitors drown in their own blood. ","Конечно, предупреждения щитовиков были куда прямее. Предатели заплатят кровью."
line-408,,炎与乌萨斯的联合调查团进入切尔诺伯格两周后分别向两方递交了调查报告。,A joint investigation team from Yan and Ursus submitted their reports two weeks after arriving in Chernobog.,Через две недели после входа в Чернобог объединённая комиссия Янь и Урсуса представила отчёты своим сторонам.
line-409,,报告指出，没有任何证据能够证明，两国有任意一方切实参与了这一场灾难的策划与实施。,They were clear: there was zero evidence that either of the two countries had anything to do with the tragedy.,"В докладах указывалось, что нет никаких доказательств прямого участия какой-либо из сторон в планировании и осуществлении этой катастрофы."
line-410,,最终，切尔诺伯格事件被定性为一场感染者引起的重大人为灾害。,"They determined that the Chernobog Incident was created and caused by the Infected. ","В итоге инцидент в Чернобоге был квалифицирован как крупная техногенная катастрофа, вызванная заражёнными."
line-411,,但是，随着一系列政治冲突接连发生，在各大城市间闹得沸沸扬扬的感染者补充法令也被积压在议会的废弃提案堆里数月之久......,"But the vagaries of political conflict meant that any further legal action to be taken against the Infected that might have been circulating in the major cities ultimately died in various legislatures, piles of unpassable bills...","Однако, по мере того как один за другим возникали политические конфликты, законопроект о мерах в отношении заражённых, наделавший много шума в крупных городах, месяцами пылился в куче отвергнутых предложений парламента..."
line-412,,......并在之后的清扫中和一些其他的重要废纸一同被送进了老书记的手摇式碎纸机。,Until finally meeting an unceremonious end in the old secretary's crank shredder during a cleanup.,...И в ходе последующей чистки архивов отправился вместе с прочим «важным» мусором в ручной шредер старого секретаря.
line-413,,切尔诺伯格事件，在无声无息中得到了解决。,"Thus, the Chernobog Incident silently drew to a close.",Инцидент в Чернобоге был улажен тихо и незаметно.
line-422,乌萨斯民众,唔......！,Ah...!,Мгх...!
line-424,弑君者,别怕。,Calm down.,Не бойся.
line-425,弑君者,......我不是杀手。走，这里走。别想着留下！乌萨斯人找到你，他们不分你是不是感染者，这座城市会被变成空城。,"I'm not a killer. Go this way. You can't stay here! If the Ursus Army finds you, they won't care if you're Infected or not. They're wiping out the city.   ","...Я не убийца. Иди, сюда. Не думай оставаться! Урсусцы найдут тебя, им всё равно, заражён ты или нет, город превратится в пустыню."
line-427,乌萨斯民众,......,......,...
line-428,乌萨斯民众,你的意思是我们只能相信你？,So you're the only one we can trust?,"Ты хочешь сказать, что мы должны верить только тебе?"
line-430,弑君者,你们想活下去......你们会活下去。,If you want to live... you'll live.,Вы хотите выжить... и вы выживете.
line-432,乌萨斯民众,......我们会活下去。往哪走？,"We'll live. Where should we go? ",...Мы выживем. Куда идти?
line-434,弑君者,......好。好的。这里走。,"...Alright. Sure. This way.  ",...Хорошо. Хорошо. Иди сюда.
line-435,弑君者,我没法让你不恨我们。但我希望，我们以后对你们这些同样也失去家乡的人......也别再恨了。,"I can't do anything about you hating us. But I hope we won't have any more hate for you, since you also lost your homes. ","Я не могу заставить тебя перестать нас ненавидеть. Но надеюсь, что в будущем мы, такие же потерявшие дом, перестанем ненавидеть друг друга."
line-436,弑君者,兄弟！过来。带他们走。他们没感染。小心点。,"Brothers! Here. Take them. They're not Infected, so be careful.    ",Брат! Иди сюда. Уведи их. Они не заражены. Будь осторожен.
line-438,整合运动成员,弑君者？那你呢！,"Crownslayer? What about you?! ",Убийца королей? А как же ты!
line-439,整合运动成员,你去哪......？我们该怎么办？,"Where are you going...? What should we do? ",Куда ты... собираешься? Что нам делать?
line-441,弑君者,你们为什么还跟着我？,Why are you still following me?,Почему вы всё ещё за мной ходите?
line-443,整合运动成员,你可是整合运动的......,You're a leader of Reunion...,Но ты же из «Воссоединения»...
line-445,弑君者,我什么都不是。,I'm nothing.,Я никто.
line-446,弑君者,......我要回叙拉古。,I want to go back to Siracusa.,...Я возвращаюсь в Сиракузы.
line-448,整合运动成员,为什么？你为什么......,"Why? Why would you...? ",Почему? Почему ты...
line-450,弑君者,我很弱。所以我要变强。,"I'm weak. I need to get stronger. ",Я слабая. Поэтому мне нужно стать сильнее.
line-451,弑君者,在我要离开叙拉古去乌萨斯给爸报仇的时候，老师拦住了我，说我很弱，做不到。,"Back when I was leaving Siracusa to go to Ursus, to take revenge for my father, my teacher stopped me. Saying I was weak, and I couldn't do it.","Когда я собиралась уехать из Сиракуз в Урсус, чтобы отомстить за отца, учитель преградил мне путь и сказал, что я слишком слаба, чтобы это сделать."
line-452,弑君者,我以为他是在骗我，只是不想我回去报仇，现在我才明白他是对的。,"I didn't believe it. But it was the truth. ","Я думала, он врёт, чтобы остановить меня, но теперь я поняла, что он был прав."
line-453,弑君者,我没有塔露拉那种脑子，我也没有老师那种手法，我太弱了。,My brain doesn't work like Talulah's. I'm not as skilled as my teacher. I'm weak.,"У меня нет ума, как у Талулы, и нет таких методов, как у учителя, я слишком слаба."
line-454,弑君者,就连我一直以来相信的事业......都被人利用了。你们知道了吧？塔露拉背叛了我们。不管有没有内情，整合运动已经完蛋了。,"Even the cause I believed in... was just somebody's tool. You all know, right? Talulah betrayed us. No matter what the deal is, Reunion is over.   ","Даже дело, в которое я верила всё это время... было использовано другими. Вы же знаете? Талула предала нас. Есть ли подоплёка или нет — «Воссоединению» конец."
line-459,九,我不认为整合运动会就此结束。,I don't think this is how the movement ends.,"Я не думаю, что «Воссоединение» на этом закончится."
line-461,弑君者,......你是龙门人？,Aren't you from Lungmen?,...Ты из Лунмэня?
line-463,九,是的。不过我要说的和我是哪里人，没有关系。,"Yes. But where I come from doesn't matter to what I'm saying. ","Да. Но то, что я скажу, не зависит от того, откуда я."
line-464,九,不管这个塔露拉承不承认，可能你们都要意识到一点......不管整合运动怎么样，塔露拉已经点了一把火。,"Whether or not she acknowledges it, and you have to realize it... No matter what happens to Reunion, Talulah already lit the flame.","Признаёт это Талула или нет, возможно, вы все должны понять одну вещь... Что бы ни стало с «Воссоединением», Талула уже разожгла огонь."
line-465,九,我不觉得这把火会就这样熄灭。,And you can't just put it out like this.,"Я не думаю, что этот огонь вот так просто погаснет."
line-467,弑君者,那也好。如果你这么说的话，我觉得让他们跟着你会好些。,"Sure. If that's how it is, I think they're better off going with you. ","Что ж, хорошо. Раз ты так говоришь, думаю, будет лучше, если они пойдут за тобой."
line-469,九,这算委托吗？,Are you asking that of me?,Это просьба?
line-471,弑君者,算信任吧。我不知道你有没有骗我，但是现在大家都失去了家乡，我是不会骗你的。,"Let's say I'm entrusting them to you. You might be lying to me here, but these people lost their homes. I won't lie to you. ","Называй это доверием. Не знаю, лжёшь ли ты мне, но теперь, когда все мы потеряли дом, я лгать не стану."
line-472,弑君者,他们跟着我不会有跟着你好。,They'll be worse off with me.,"С тобой им будет лучше, чем со мной."
line-474,九,那么，你们愿意跟着我走吗？,"Okay, are you willing to come with me?","Итак, вы готовы пойти за мной?"
line-476,整合运动成员,......弑君者......,...Crownslayer...,...Убийца королей...
line-478,弑君者,乌萨斯人......我们这些......乌萨斯人。,Ursus... us... Ursus.,Урсусцы... все мы... урсусцы.
line-479,弑君者,乌萨斯只是还没到像待我们一样待这所有乌萨斯人的时候。,The Empire just hasn't gotten to the point where they'll treat all the Ursus like we do.,"Просто время Урсуса относиться ко всем нам так же, как к остальным, ещё не пришло."
line-480,弑君者,各位，再见。别像我一样再犯错。,"Goodbye, all of you. Don't make the same mistakes I did. ","Прощайте, ребята. Не совершайте моих ошибок."
line-482,九,年轻人......,Girl...,Молодой человек...
line-484,整合运动成员,你叫什么名字，准备去哪？,What's your name? And where are you going?,Как тебя зовут и куда ты собираешься?
line-486,九,就叫我，“九”吧。,Call me 'Nine.',Зовите меня «Цзю».
line-487,九,我准备去火烧得最旺盛的地方。,I'm going to where the fire burns the hottest.,"Я собираюсь туда, где огонь горит сильнее всего."
line-496,鼠王,你果然在这。,I knew you'd be here.,Ты всё-таки здесь.
line-498,魏彦吾,我还是瞒不过你。,Can't hide from you.,От тебя ничего не скроешь.
line-500,鼠王,你想来这里也就只有这个原因。悼念他们。,"You came here to mourn them. ",У тебя может быть только одна причина прийти сюда. Почтить их память.
line-502,魏彦吾,也许是悼念我们自己，还在这里贪生怕死。,I may be mourning us. Or reflecting on mortality and greed.,"Может, почтить нашу собственную, за то, что до сих пор цепляемся за жизни."
line-504,鼠王,你的剑不是这么说的。,Your sword says something else.,Твой меч говорит об обратном.
line-506,魏彦吾,至少我没下狠手割了你的喉咙。,At least my sword isn't cutting your throat.,"По крайней мере, я не пустил его в ход, чтобы перерезать тебе горло."
line-508,鼠王,话不要说太满，大少爷。真要搏命，还不知兽死谁手。,"I know you don't mean it, Old Wei. If we were really going at it, who can say which one of us would drop first? ","Не будь так уверен, господин. Если дойдёт до смертельной схватки, неизвестно, кто из нас останется в живых."
line-510,魏彦吾,别讽刺我了。,Be serious please.,Хватит иронизировать.
line-512,鼠王,我还是要刺你一两下才行，老友。晖洁她做到了，那些感染者做到了。,"I have to give you a few good jabs, old friend. You know, Hui-chieh and those Infected got it done. ","Мне всё равно придётся тебя уколоть, старый друг. Хуэйцзе справилась, те заражённые справились."
line-513,鼠王,你该重新考虑一下，以及你的独断差点毁了龙门，只差一点，你就会把多少人拖入战争。,"You should think things over again, the arbitrary way you go about them. You almost dragged Lungmen into a war and wrecked the whole place.","Тебе следует всё переосмыслить. Твоё своеволие едва не погубило Лунмэнь, ещё чуть-чуть — и ты втянул бы в войну стольких людей."
line-515,魏彦吾,我不觉得这是一件必然的事情。就算龙门选择了它的一种未来，它也可能因为一些小事就把那个未来掐死。机缘巧合，不过偶然。,"I'm not sure about that. Even if Lungmen were to choose a certain future, it may yet choke it out over some small thing. A chance occurrence.  ","Не думаю, что это было неизбежно. Даже если Лунмэнь выбрал один путь своего будущего, он мог из-за мелочи его оборвать. Стечение обстоятельств, не более чем случайность."
line-517,鼠王,不是这座城市选择了她，老友。你我该庆幸，是她选择了这座城市。,"The city didn't choose her. We should be proud that she chose the city. ","Не этот город выбрал её, старый друг. Нам с тобой стоит радоваться тому, что это она выбрала этот город."
line-519,魏彦吾,两者并不矛盾。舸瑞，这座城市也选择了她。,"They're not mutually exclusive, Kojui. The city chose her too. ","Одно другому не мешает. Гэруй, этот город тоже выбрал её."
line-520,魏彦吾,即使这座城市也还没有准备好去接受她......,Even if it wasn't ready to accept who she is...,Даже если он ещё не готов принять её...
line-522,鼠王,类似的话你就对她自己说吧。我先行告退了，大少爷。,"And you should tell that to her. It's time for me to go, Old Wei. ","Вот и скажи ей об этом лично. Я откланяюсь, господин."
line-524,魏彦吾,......等等，舸瑞！,"Wait, Kojui!","...Погоди, Гэруй!"
line-525,魏彦吾,影卫是不是骗了我？,Did the Shadow Guard lie to me?,Теневой страж обманул меня?
line-527,鼠王,啊？,Oh?,А?
line-528,鼠王,——你的影卫，我又怎么知道？,"They're your Shadow Guard, how should I know?","— Твой Теневой страж, откуда мне знать?"
line-530,魏彦吾,你和林雨霞合起来做些什么也不出奇。,I should've known you and Lin Yuhsia were working together.,"Не удивлюсь, если вы с Ли Юйся вместе что-то замышляли."
line-532,鼠王,你的影卫已经不再是过去的禁军了。他们现在是人。,"Your Shadow Guard aren't the Imperial Guards they once were. They're human now. ",Твой Теневой страж — больше не прежняя гвардия. Они стали людьми.
line-533,鼠王,他们忍心看你再犯错？,Do you think they can stand to watch you make another mistake?,"Они смогли бы спокойно смотреть, как ты снова совершаешь ошибку?"
line-535,魏彦吾,所以，我让他们处理的感染者，现在只是被你......,"So that means... when I told them to handle the Infected, then you...","Так значит, тех заражённых, что я поручил им устранить, ты..."
line-537,鼠王,嘘。天知地知。还有，你不就是因为知道我们会这么做才——,"Shh. Heaven knows. Besides, when you knew we would—  ","Тсс. Меньше знаешь — крепче спишь. И вообще, ты ведь потому и отдал такой приказ, потому что знал, что мы так поступим..."
line-538,鼠王,早些回去。老病虎还有事找你。,"Head back soon. That sick old tiger has something for you. ",Возвращайся скорее. У старого больного тигра есть к тебе дело.
line-539,鼠王,——晖洁？,—Hui-chieh?,— Хуэйцзе?
line-540,鼠王,啊。你已经来了。,"Oh, you're here. ",А. Ты уже здесь.
line-546,陈,林叔。,Uncle Lin.,Дядя Линь.
line-548,鼠王,看你穿成这样，看来是准备马上离开了。,"Look at you, dressed like this, it looks like you're headed right off somewhere.","Глядя на твой вид, похоже, ты собралась уезжать немедленно."
line-549,鼠王,晖洁，要记得多回来看看。,Do remember to visit from time to time.,"Хуэйцзе, не забывай иногда возвращаться."
line-551,陈,......我不清楚。,I'm not sure I can.,...Не знаю.
line-553,鼠王,那就多托人向我们报个信，好让我们知道你在外面平安。,"Then you'll have to write us, let us know you're safe out there.","Тогда поручи кому-нибудь передать весточку, чтобы мы знали, что ты в безопасности."
line-555,陈,我会的，林叔。,"I will, Uncle Lin.","Я обязательно передам, дядя Линь."
line-560,魏彦吾,......,......,...
line-561,魏彦吾,这里葬着塔露拉的父亲，以及......你们的母亲。,This is where Talulah's father is buried... And your mother.,"Здесь похоронен отец Талулы, а также... ваша мать."
line-562,魏彦吾,他们终归没有葬在他们爱的那个城市里。不，你母亲的话，应该对那个城市既爱又恨。,"In the end, they couldn't be buried in the city they loved. Or, in the case of your mother, it was a matter of both love and hate. ","Они так и не были погребены в городе, который любили. Нет, твоя мать... она, должно быть, относилась к нему со смесью любви и ненависти."
line-563,魏彦吾,这里的景色我永远不会忘记，晖洁。只要看到它，我就会想到他们......我的妹妹，我没有血缘关系却胜过血脉的兄弟。,"I'll never forget the look of this place, Hui-chieh. I think of them whenever I see it... my sister, and my sworn brother, with whom I shared no blood. ","Я никогда не забуду этот вид, Хуэйцзе. Стоит мне увидеть его, как я вспоминаю их... мою сестру, моих братьев, что были мне ближе родных по крови."
line-564,魏彦吾,他们被葬在这里。,They are buried here.,Они похоронены здесь.
line-565,魏彦吾,墓柜太小了，容不下他们的热情；话语又太轻了，说不出他们的悔恨。,"A place too small to house their passion, words too weak to express their remorse.","Слишком малы склепы, чтобы вместить их страсть; слишком немощны слова, чтобы описать их раскаяние."
line-567,陈,所以这是个无名冢。,An unmarked grave.,Так что это безымянная могила.
line-569,魏彦吾,是。无名冢，呵......可能是因为名字只对活着的人有意义。,"Yes. Heh... names perhaps mean more to the living. ","Да. Безымянная могила, ха... возможно, потому что имена имеют значение лишь для живых."
line-571,魏彦吾,——在这片大地上，安葬只是个理想化的说辞，因为所有的坟墓最后都会消失。没人能安静地永眠。,"All around the world, we idealize burial, as all graves eventually disappear. No one knows a peaceful, eternal sleep. ","— На этой земле захоронение — лишь идеализированное понятие, ибо все могилы в конце концов исчезают. Никому не суждено обрести вечный покой."
line-572,魏彦吾,遇着天灾，碰上战争，遭到废弃，等等。只要一座城市消失了，葬在城市上的死者一样会灰飞烟灭。,"Catastrophe, war, abandonment, and all such things. Should a city disappear, the souls buried within disappear right along with it. ","Катастрофы, войны, запустение... стоит исчезнуть городу, как и погребённые в нём мертвецы обратятся в прах."
line-573,魏彦吾,至于广大荒原上的无数聚落，我所听说的每个聚落的后代，都没能找到过他们祖先的墓地。,"And in the countless settlements that dot the land, I have never yet found one where the descendants knew the location of the graves of their ancestors.","Что же до бесчисленных поселений в пустошах, то я слышал, что ни одни потомки не смогли отыскать могил своих предков."
line-574,魏彦吾,有种丧葬方式叫做墓道，把移动城市的航线的一部分定为墓地，将死者的遗物抛撒给那条道路，视循环往复的驶过为一种瞻仰。,"There is a form of burial called the Tombway, it denotes a part of a nomadic city's pathing as the burial ground, where the dead will be tossed from the city, with the passing cycle as a form of honor.","Есть такой способ погребения, «дорога упокоения»: часть маршрута передвижного города объявляют кладбищем, развеивая прах над ней, почитая бесконечные рейсы как дань памяти."
line-575,魏彦吾,我太健忘了。我有太多容易忘记的事情了，或者说，我有太多想要拼死忘记的事情了。,"I'm too forgetful. Too many things I forget too easily, too many things I want so desperately to forget. ","У меня плохая память. Есть слишком много вещей, которые я легко забываю, или, скорее, слишком много того, что хочу забыть ценой жизни."
line-576,魏彦吾,可我绝不敢忘记他们。,But dare not ever forget them.,Но я не смею забыть их.
line-577,魏彦吾,......所以我......我为他们选择了这里。,And so... I picked this place for them.,...Поэтому я... я выбрал для них это место.
line-578,魏彦吾,......我带着妹妹来到龙门，在这里遇见了文月，又遇见了逃至此处的爱德华。,"I brought my sister to Lungmen, I met Fumizuki in Lungmen, along with Edward, who had fled to Lungmen.","...Я привёз свою сестру в Лунмэнь, здесь встретил Вэнь Юэ, а потом — сбежавшего сюда Эдварда."
line-579,魏彦吾,我不敢说和他是一拍即合，但他智勇双全，胆气过人。,"I can't say we made the best of friends, but he was smart, and bold.","Не скажу, что мы сразу нашли общий язык, но он был умён, отважен и смел."
line-580,魏彦吾,在暗处统治龙门的科西切视我们为眼中钉肉中刺。我们也很清楚，只有把他赶出去......我们和这座城市才有未来。,"Kashchey ruled Lungmen from the shadows, and saw us as thorns in his side. We knew we had no choice but to depose him... it was the only way to give us a future in the city. ","Кощей, правящий Лунмэнем из тени, видел в нас занозу в глазу. Мы знали: только изгнав его, мы и этот город обретём будущее."
line-581,魏彦吾,这里，这座坟墓，是龙门以前曾到过最远的地方。,"Here, this grave, is the farthest Lungmen had ever been.","Это место, эта могила, — самая дальняя точка, куда доходил Лунмэнь."
line-582,魏彦吾,那是我们合力战胜了科西切，把他彻底赶出龙门的时候，龙门就停在数十里外，充满了希望的城市亮起了点点灯火，未来在等着我们。,"After we beat Kashchey and exiled him from Lungmen, the city sat a few dozen miles away, bright, and full of hope. Our future awaited us.","Тогда мы вместе одолели Кощея и изгнали его из города навсегда. Лунмэнь замер в десятках миль отсюда, озаряемый огнями надежды на будущее."
line-583,魏彦吾,这儿，我们在这儿，饮酒，畅谈，大笑作乐，把载具没油这事儿彻底地抛在脑后。,"We drank, talked, laughed, enjoyed ourselves without a thought to our remaining fuel.","Здесь мы пили, беседовали, смеялись, забыв о том, что у транспорта кончилось топливо."
line-584,魏彦吾,我们差点渴死在这，直到亚当斯那头老病虎咳嗽着把他的私家兵车开到这来，把我和爱德华狠狠地骂了一顿。,"We very nearly died of thirst until Adams, that sick old tiger, coughed up his car to come get us. Boy did he give Edward and I the business after that.","Мы чуть не умерли от жажды, пока Адамс, тот старый больной тигр, не пригнал сюда свою машину, выругав нас с Эдвардом по первое число."
line-585,魏彦吾,哦......那时他还没有那么老，也没有那么病。甚至没有那么狠。,"Oh... he wasn't as old then. Nor was he as sick, or ferocious. ","О... тогда он был не таким старым, не таким больным. И даже не таким жестоким."
line-586,魏彦吾,但是，谁在意呢？我们每个人都在笑。,"But who cares? We were all having a good time. ",Но кого это волнует? Мы все смеялись.
line-587,魏彦吾,林笑起来......他笑起来就像我们手上从没沾过血......笑得就像是度过了一整串好时光的少年人。,Lin was laughing... laughing like we didn't have blood on our hands... laughing like we were boys in the time of our lives.,"Линь смеялся... когда он смеялся, казалось, что наши руки не были запятнаны кровью... смеялся, как юноша, проживающий лучшие мгновения жизни."
line-588,魏彦吾,爱德华是伦蒂尼姆的最高贵的血脉末裔。我们将这个秘密牢牢留在龙门。但科西切已经知道了他的身份，他的计划在那时可能就已成型。,"Edward was the scion of the highest Londinium nobility. And we were keeping that secret in Lungmen. But Kashchey already knew, he may have long since started plotting.  ","Эдвард — потомок благороднейшей крови Лондиниума. Мы хранили эту тайну в Лунмэне как зеницу ока. Но Кощей уже знал, и его план, вероятно, уже тогда был готов."
line-589,魏彦吾,他让我善妒的胞弟和伦蒂尼姆的阴影，知晓爱德华与我的妹妹......情投意合......,He told my jealous twin and the Shadow of Londinium about Edward and my sister... about their relationship...,Он заставил моего завистливого младшего брата и тени Лондиниума узнать о чувствах Эдварда к моей сестре...
line-590,魏彦吾,我被迫在爱德华和我妹妹腹中的孩子里选一个。,I was forced to choose between Edward or my sister's unborn child.,Я был вынужден выбирать между Эдвардом и ребёнком моей сестры.
line-591,魏彦吾,爱德华死后，我密不发丧十年，除了胞弟和科西切，无人知晓事实。而今，爱德华与我妹妹都已经去世。,"I hid it for ten years after Edward died. Only my brother and Kashchey knew. But now, Edward and my sister are both gone from this world. ","После смерти Эдварда я скрывал это десять лет, и никто, кроме младшего брата и Кощея, не знал правды. Теперь и Эдвард, и моя сестра мертвы."
line-592,魏彦吾,假以时日，天灾也会侵袭这里，一切都化为乌有，没人会记住有一对悲哀的恋人葬在此处。因我而死的两人，也会被人遗忘。,"Someday, a Catastrophe will strike and wipe away everything. No one will remember the tragic lovers buried here. These two, who died because of me, will be forgotten. ","Со временем и здесь пройдёт катастрофа, всё исчезнет, никто не вспомнит о悲哀х влюблённых, погребённых здесь. И двое, погибшие по моей вине, будут забыты."
line-594,陈,......我面会过了“科西切”。他可能比你我想的还要邪恶。,"I met 'Kashchey.' He may be more evil than either of us know. ","...Я встречалась с «Кощеем». Он может быть гораздо злее, чем мы думаем."
line-596,魏彦吾,我可以想象。,I can imagine.,Могу себе представить.
line-598,陈,墓地......,This grave...,Кладбище...
line-599,陈,......母亲。,...Mother.,...Мама.
line-601,魏彦吾,你母亲对你没有多少感情，这是我造的孽。为了保护她，我不得不让她嫁给炎国贵族。我原本该做得更好。,"It was my fault your mother wasn't so warm towards you. I had to have her marry that Yan noble, to protect her. I should have done better.  ","Твоя мать не испытывала к тебе больших чувств, это мой грех. Чтобы защитить её, я был вынужден выдать её за аристократа из Янь. Я должен был поступить лучше."
line-603,陈,过去的事情就让它过去吧。,It's all in the past.,Прошлое пусть останется в прошлом.
line-604,陈,答应我，魏彦吾。你不会再让龙门变成墓场。,"Promise me, Wei Yenwu. Promise me you won't let Lungmen turn into a grave. ","Обещай мне, Вэй Яньву. Ты больше не превратишь Лунмэнь в кладбище."
line-606,魏彦吾,我再也不会。,Never again.,Больше никогда.
line-608,陈,口说无凭，我信不过你。,As if I could trust a word you say.,"Словам нельзя верить, я тебе не верю."
line-610,魏彦吾,我从来都不需要你来相信我。哼......不过......这次你也可以再信一回。就如我上次说可以训练你一样。,"I never needed your trust. Hmph... But, you can believe me this one time. Like when I promised to train you.  ","Мне никогда не было нужно, чтобы ты мне верила. Хм... впрочем... в этот раз ты можешь мне поверить. Как в прошлый раз, когда я сказал, что могу тренировать тебя."
line-612,陈,——,——,—
line-613,陈,你把我训练得很好。没有你，我救不回她。,"You trained me well. I couldn't have gotten her back without you. ",Ты отлично меня обучил. Без тебя мне бы не удалось ее спасти.
line-615,魏彦吾,这样就好。,I'm glad.,Так тому и быть.
line-617,陈,你这十年来对我说的话，加起来可能都没这一次你说的多。,I don't think you've spoken to me in ten years as much as you did today.,"Если сложить все слова, которые ты сказал мне за последние десять лет, их будет меньше, чем в этот раз."
line-619,魏彦吾,我以前说的还不够多？,I think we talked a lot?,"Я что, недостаточно говорил раньше?"
line-621,陈,我说的是，对陈晖洁说的话。不是对陈警司说的。,"What I mean is as Ch'en Hui-chieh. Not as Superintendent Ch'en. ","Я имею в виду слова, сказанные Чэнь Хуэйцзе. А не инспектору Чэнь."
line-623,魏彦吾,哈哈。,Haha.,Ха-ха.
line-625,陈,那我走了。,I'll be off.,"Ну, я пошла."
line-627,魏彦吾,你姐姐。你打算怎么办？,"What are you planning to do with your sister? ",Твоя сестра. Что ты собираешься с ней делать?
line-628,魏彦吾,......我对塔露拉已无亲情，徒留愧疚。,I have no feelings for Talulah anymore. Except guilt.,"......Я больше не испытываю родственных чувств к Талуле, осталось только чувство вины."
line-630,陈,那你最好一直愧疚下去。,Good. That's what you should feel.,Тогда лучше бы тебе испытывать его вечно.
line-631,陈,我们只是这片大地上无数对被拆散的兄弟姐妹之一，而大部分人这辈子都没机会再团聚。,We're one pair of the countless separated siblings in this world. Most will never be reunited.,"Мы — лишь одна из бесчисленных пар братьев и сестер, разлученных на этой земле, и у большинства из них за всю жизнь так и не появляется шанса воссоединиться."
line-632,陈,即使如此，我也不能放过她。我至今都没有弄清楚，现在的她究竟是什么。,"Even so, I can't just let her go. I still don't know what she is, it's still not clear. ","Даже так, я не могу ее отпустить. Я до сих пор не разобралась, что она представляет из себя сейчас."
line-633,陈,罪犯都会有他们的囚牢，只不过现在的龙门还不能关她。,"There's a prison to keep criminals, but Lungmen we know today can't hold her.","У преступников должны быть свои тюрьмы, просто Лунмэнь пока не готов ее заключить."
line-635,魏彦吾,这种东西我造不出。只有你才能建设一个感染者和普通人都能关的近卫局。,"I can't make the Lungmen that could. Only you can create an L.G.D. that could keep the Infected and the uninfected together. ","Я не могу создать нечто подобное. Только ты способна построить Департамент охраны, который будет принимать как зараженных, так и обычных граждан."
line-637,陈,不必是我。自己的事自己做。,"It doesn't have to be me. We all have our own part to play. ",Не обязательно я. Каждый должен заниматься своим делом.
line-638,陈,我已经认清事实了，无论这件事有多正确，龙门的市民如果不接受，那就是不接受。我已经在贫民窟看到太多了。,"I know that truth, no matter how correct it might be. If the people of Lungmen don't accept it, then they won't. I've seen too much of the slums. ","Я трезво оценила ситуацию: как бы правильным ни казалось это дело, если граждане Лунмэня его не примут, значит, не примут. Я слишком много видела в трущобах."
line-639,陈,而且，真有这种东西，我想先和罗德岛一起建一个。,"And if it is possible to build something like that, I'd like to do it with Rhodes Island first.","К тому же, если я действительно возьмусь за это, я хочу начать вместе с «Родос Айленд»."
line-640,陈,塔露拉的话......不管需要多少时间。我会让她被公正地审判。,"Talulah... no matter how long it takes, I will get her a fair trial. ","Что касается Талулы...... сколько бы времени это ни заняло, я добьюсь того, чтобы ее судили по справедливости."
line-642,魏彦吾,......你的确成长了。,You really have grown up.,......Ты действительно выросла.
line-644,陈,我也不需要你这么说，长官。总觉得这不是什么好话。,"I don't need to hear that from you, Sir. I don't think it's a good thing. ","Мне не нужно это слышать, сэр. Мне почему-то кажется, что это не лучший комплимент."
line-646,魏彦吾,是不是即使我想替龙门留你，也拦不住你？,"If I, on behalf of Lungmen, ask you to stay, will you do it?","Даже если бы я попытался удержать тебя ради Лунмэня, я бы не смог тебя остановить, верно?"
line-648,陈,哈。,Hah.,Ха.
line-650,魏彦吾,如果你和塔露拉真想回来，龙门会驶到那步，假使它能。,"If you and Talulah ever wanted to come back, Lungmen would make the move to take you back, if it can.","Если вы с Талулой действительно захотите вернуться, Лунмэнь придет к этому, если сможет."
line-651,魏彦吾,有许多我们已经做不到的，未来也许他们自己就能。,"There are so many things we can't do. But maybe them, in the future, maybe they could.","Есть многое, чего мы уже не можем сделать, но, возможно, в будущем они справятся сами."
line-653,陈,我只希望你当时构想的那些，你自己没忘。那就足够了。,"I just hope you haven't forgotten what you were reflecting on. That would be good enough. ","Я просто надеюсь, что ты не забыл то, что сам же задумывал. Этого будет достаточно."
line-654,陈,替我向文月姨问好。,Say hello to Aunt Fumizuki for me.,Передай привет тете Фумидзуки.
line-655,陈,对了......,Oh...,"Да, кстати......"
line-657,陈,......唔。,Err...,......Мгх.
line-658,陈,......舅舅......,Uncle...,......Дядя......
line-659,陈,保重。,Take care of yourself.,Береги себя.
line-661,魏彦吾,......,......,......
line-662,魏彦吾,晖洁！,Hui-chieh!,Хуэйцзе!
line-665,,陈犹豫了片刻，没有回头。,"Ch'en stops for a moment, but she does not turn back.","Чэнь на мгновение замешкалась, но не обернулась."
line-667,陈,什么事？,What is it?,Что такое?
line-669,魏彦吾,道阻且长。但是，是你的话，应当能。,"The path before you is long and hard. But I know you will master it. ","Путь долог и труден. Но если это будешь ты, то должна справиться."
line-671,陈,我记下了。,I'll bear that in mind.,Я запомню это.
line-683,文月,所以啊，你本来准备给罗德岛开的第二个条件是什么？,Right then. What's the second condition you wanted to offer Rhodes Island?,"И все-таки, каким было то второе условие, которое ты собирался выдвинуть «Родос Айленд»?"
line-685,魏彦吾,......,......,......
line-686,魏彦吾,"利用罗德岛排除整合运动的威胁后，要求他们带走龙门足够多的感染者。 ","After using them to wipe out Reunion, I would ask them to take as many of Lungmen's Infected as they could. ","Использовать «Родос Айленд» для устранения угрозы «Воссоединения», а затем потребовать от них забрать как можно больше зараженных из Лунмэня."
line-687,魏彦吾,分给他们地块，交给他们资源，提供他们想要的研究资料和资金。,"Give them land, resources, funding, and all the materials they need.","Выделить им участки земли, передать ресурсы, предоставить необходимые им результаты исследований и финансирование."
line-688,魏彦吾,他们拒绝不了，即使他们知道我给他们提供的这一切都难以下咽。,They can't refuse. Even if they know this is a hard pill to swallow.,"Они бы не смогли отказаться, даже зная, что все, что я им предлагаю, было бы трудно принять."
line-689,魏彦吾,这样的事情我做过，以后的我也会继续这样做。,"I have done this before, and I will continue to do it.","Я уже делал подобные вещи, и буду продолжать в том же духе."
line-690,魏彦吾,不犹豫，不后悔。,"No hesitation, no regret.","Без колебаний, без сожалений."
line-692,文月,现在呢？,And for now?,А сейчас?
line-694,魏彦吾,......呵。世道变了。我也不得不变。,"*Sigh*. The situation has changed. And we must change with it.  ",......Хех. Времена меняются. И мне тоже приходится меняться.
line-696,文月,你直接谢谢他们有什么不好？,Is there a problem with you thanking them directly?,Разве плохо было бы просто поблагодарить их?
line-698,魏彦吾,......,......,......
line-700,文月,你现在没那么患得患失了，要我猜原因，也就只有一个。,You don't worry so much about winning and losing as you used to. And I think I can guess the reason.,"Ты стал меньше тревожиться из-за всяких мелочей. Если мне нужно угадать причину, то она только одна."
line-701,文月,因为小陈。,It's about our little Ch'en.,Из-за маленькой Чэнь.
line-702,文月,现在的条件已经变了吧？,That's why things have changed?,"Условия теперь изменились, верно?"
line-704,魏彦吾,"龙门的感染者只属于龙门。   ","Lungmen's Infected belong in Lungmen.   ",Зараженные Лунмэня принадлежат только Лунмэню.
line-706,文月,那么陈晖洁？,So what about Ch'en?,А Чэнь Хуэйцзе?
line-708,魏彦吾,她有自己的路。,She has her own path to walk.,Она выбрала свой путь.
line-710,文月,你会常去看她吗？,Will you visit her?,Будешь часто навещать ее?
line-712,魏彦吾,龙门的长官是不会再和一个感染者组织扯上任何关系的。,The Chief of Lungmen can't have anything to do with an Infected organization.,Глава Лунмэня больше не будет иметь никаких дел с организацией зараженных.
line-714,文月,哼，小气。,Hmph. Harsh.,"Хм, скряга."
line-715,文月,那我要去。,Then I'll go.,Тогда я поеду.
line-717,魏彦吾,那......就拜托你了。,Well... say hello to her for me.,Тогда...... полагаюсь на тебя.
line-727,,当时他要我在妹妹和义弟间选，我选了妹妹。我发誓我不会再让他们受苦，但我......,"When forced to choose between my sister and my sworn brother, I chose my sister. I vowed to let no harm come to them, but... ","Тогда он поставил меня перед выбором между сестрой и приемным братом, и я выбрал сестру. Я поклялся, что не дам им больше страдать, но я......"
line-728,,没能做到。,I broke that vow.,Не смог этого сделать.
line-729,,现在，不一样了。我不会选。,"This time is different. I will never choose again. ",Теперь все иначе. Я не стану выбирать.
line-730,,科西切说错了，我没得选。魏彦吾，你其实只有一条路。,"Kashchey was wrong. I had no choice. Wei Yenwu, you have only one path to walk, in fact. ","Кащей ошибался, у меня нет выбора. Вэй Яньу, на самом деле у тебя только один путь."
line-731,,哪怕这还是条弑亲之路。,"Even if it is the path of fratricide. ",Даже если это путь убийства родных.
line-732,,为了胞妹的两个女儿，为了那个我们梦里的龙门。哪怕仅此一条路。,"For the sake of my two nieces, for the sake of the Lungmen in my dreams. Even if it is my one and only path. ","Ради дочерей моей сестры, ради того Лунмэня из наших снов. Пусть даже путь всего один."
line-737,魏彦吾,（晖洁......好好活下去。）,"(Hui-chieh... live well.) ",(Хуэйцзе...... живи счастливо.)
line-745,,数周后,A few weeks later...,Несколько недель спустя
line-747,凯尔希,诸位尊敬的罗德岛干员们，这里是凯尔希。,"Attention, honored Rhodes Island operators, this is Kal'tsit.","Уважаемые операторы «Родос Айленд», говорит Кель'си."
line-748,凯尔希,在我们的努力下，切尔诺伯格事件终于以一种较和平的方式结束了。,"Thanks to our efforts, the Chernobog issue has been resolved peacefully.",Благодаря нашим общим усилиям инцидент в Чернобоге завершился относительно мирным путем.
line-749,,......,......,......
line-757,迷迭香,疼吗？,Does it hurt?,Больно?
line-759,煌,哎......别戳！你戳了当然就疼了！,"Ow... Only if you poke it! ","Эй...... не тыкай! Конечно больно, если ты тыкаешь!"
line-761,迷迭香,啊。对不起。,"Oh. Sorry. ",А. Прости.
line-763,煌,没事......你怎么了？,It's fine... how are you?,Ничего...... что с тобой?
line-765,迷迭香,没什么。,Fine.,Ничего особенного.
line-767,煌,哎哎哎？不会吧小猫咪......你以前可不会......你以前可不会把事情藏在心里的！,"Ehwhaaa? No way, little kitten... since when do you keep things to yourself? ","Эй-эй-эй? Не может быть, кошечка...... Раньше ты так не делала...... Раньше ты никогда не держала все в себе!"
line-769,迷迭香,这是好事吗......？,Is that bad...?,Это хорошо......?
line-771,煌,啊。啊！当然是！Scout你看到了吗？我们的小猫咪长大了。她长大了呀......！,"Oh, of course not! Scout, can you see? Our little kitten is all grown up! She's a big girl!     ","А! А! Конечно! Скаут, ты видишь? Наша кошечка выросла. Она выросла......!"
line-772,煌,她长大了呜呜......,She's so big now... waaaahhhh...,"Она выросла, у-у-у......"
line-774,迷迭香,别，别这样......好想忘掉......！,D-Don't cry... I want to forget!,"Не надо, не надо так...... хочу все забыть......!"
line-775,迷迭香,......你真的哭了？为什么要哭啊？,"You're really crying? Why are you crying? ",......Ты правда плачешь? Зачем плакать?
line-777,煌,呜啊啊啊啊啊......,Waaaahhhh...,У-у-у-а-а-а-а......
line-779,迷迭香,......别哭，别哭......煌......别哭啦......,"D-Don't cry, Blaze... don't...","......Не плачь, не плачь...... Блейз...... хватит плакать......"
line-781,煌,碧银她也会知道的......Ace他也会知道的......小猫咪......小猫咪长大啦......,Bluishsilver should know... Ace too... our kitten... she's grown up...,Биинь тоже узнает...... Эйс тоже узнает...... Кошечка...... наша кошечка выросла......
line-783,迷迭香,......煌......,...Blaze...,......Блейз......
line-786,煌,哇啊啊啊啊啊......！！,"Waaaaaaahhhhh! ",Уа-а-а-а-а-а......!!
line-788,迷迭香,哎！,Hey!,А!
line-795,凯尔希,......许多真相将被永远地埋藏在切尔诺伯格的废墟之下。,Much of the truth will stay buried forever in the ruins of Chernobog.,......Многие истины будут навеки погребены под руинами Чернобога.
line-796,凯尔希,因为这片大地就是这样无情。,Because we live in an uncaring world.,Потому что эта земля так безжалостна.
line-797,凯尔希,但是，罗德岛会记住许多。无论我们会为之承担多少......我们都必须记住。,"But Rhodes Island will remember. No matter what else we undertake... we must remember. ",Но «Родос Айленд» многое запомнит. Сколько бы нам ни пришлось за это заплатить...... мы обязаны помнить.
line-798,凯尔希,罗德岛的干员们，从不是为了某个人或者某件事而献出了生命。,A Rhodes Operator does not sacrifice her life for a single person or event.,Операторы «Родос Айленд» никогда не отдавали свои жизни ради кого-то одного или чего-то одного.
line-806,Medic,啊，这种外用药，真的有用！,"Oh, this topical medicine is really useful!","Ах, этот наружный препарат действительно эффективен!"
line-807,Medic,虽然类似的专利已经有很多了，但我想作为特效药，这个外用霜应该还是有市场的。,"There are lots of similar patents out there, but I think this cream is effective enough to have a market.","Хотя подобных патентов уже немало, думаю, как лекарство спецназначения этот крем будет востребован."
line-808,Medic,很关键的是，虽然效果没那么好，成本却真的很低廉......分析出来的成分都是些常见的野生植物。,"The main point is that even if it's not especially effective, it is very cheap to produce... all the components that came up in analysis were common, wild-growing plants.","Что самое важное, хотя эффект и не такой уж впечатляющий, себестоимость действительно низкая...... проанализированные компоненты оказались обычными дикорастущими растениями."
line-809,Medic,只不过在搜集上有些麻烦，西北冻原从西到东，竟然散布在那么长的路的两端啊......,"It's a bit of a pain to get them from the northwest tundra, they're spread over such a wide area.","Вот только со сбором возникли трудности, они оказались разбросаны на обоих концах такого длинного пути от запада до востока тундры......"
line-810,Medic,发明这个药的人，比起医药知识，可能是毅力更多些呢。,The inventor must've had more perseverance than medical knowledge.,"У того, кто изобрел это лекарство, скорее всего было больше упорства, чем медицинских знаний."
line-811,Medic,要在哪里申请这个专利呢，阿米娅？,"Where do you want to apply for the patent, Amiya?","Где подать заявку на патент, Амия?"
line-813,阿米娅,......就在乌萨斯吧。而且要让它很便宜才行。,"In Ursus. And make it cheap. ",......Пусть это будет Урсус. И оно должно стоить очень дешево.
line-815,Medic,可是，乌萨斯应该不缺类似的医疗技术吧？,But I think the Empire has similar tech?,Но разве в Урсусе есть недостаток в подобных медицинских технологиях?
line-817,阿米娅,但乌萨斯有更需要它的人。,Ursus has more people who need it.,"Но в Урсусе есть те, кому оно нужно гораздо больше."
line-819,Medic,给这种药取什么名字呢？,What should we name it then?,Как назовем это лекарство?
line-821,阿米娅,就叫......霜星吧。,We'll call it... FrostNova.,Назовем его...... Фростнова.
line-822,,阿米娅？你找我吗？,"Amiya? Were you looking for me? ",Амия? Ты ищешь меня?
line-824,阿米娅,啊，Dr.{@nickname}！,"Oh, Dr. {@nickname}!","А, Доктор!"
line-825,阿米娅,Medic，麻烦你和华法琳了。,"Medic, you and Warfarin take care of it.","Медик, побеспокойте, пожалуйста, Варфалин."
line-827,Medic,嗯，就，交给我们吧！,We'll take it from here!,"Хорошо, оставьте это нам!"
line-829,阿米娅,博士，我马上就来！,"Doctor, I'm coming!","Доктор, я сейчас приду!"
line-836,凯尔希,我们投身于一个事业，不是为了看到结果。,It is not for the results that we commit to what we do.,"Мы посвящаем себя какому-то делу не ради того, чтобы увидеть результат."
line-837,凯尔希,我们做一件事，不是因为我们要将它做成。,We do something not because we want to see it done.,"Мы беремся за что-то не потому, что обязаны это завершить."
line-838,凯尔希,也许在商业上，这样的策略是愚蠢的。但我们的生命并不只有物质层面的生命。,"As a business, this may be a foolish strategy. But we live for more than material gain. ","Возможно, с точки зрения бизнеса такая стратегия глупа. Но наша жизнь — это не только материальный аспект."
line-839,凯尔希,勇敢的干员们用他们的所作所为已经证明，生命，生命的价值不仅仅在于确保一个人或是许多人的生存，不仅仅是生物学意义上的活着......,"Our brave operators have proved that life, and its value, lay not only in ensuring the survival of one or even many people, or in its biological definition...","Отважные операторы своими действиями уже доказали, что жизнь, ценность жизни не заключается лишь в обеспечении выживания одного или многих, не только в биологическом смысле бытия......"
line-840,凯尔希,我们还要在文明的道德的意义上，活下去。因为罗德岛坚信，未来的生命需要有所支撑。,"We have to live on in the moral, civilized sense. Because the future of life needs support, and Rhodes Island is that support.",Мы должны продолжать жить в моральном смысле цивилизации. Потому что «Родос Айленд» верит: будущая жизнь нуждается в опоре.
line-841,凯尔希,我们正为了一个能抚平这大地伤痛的信念而奋斗。,We are fighting for a cause that will heal the scars on our world.,"Мы сражаемся за веру, способную залечить раны этой земли."
line-849,杜宾,又出任务？,Another mission?,Снова на задание?
line-851,临光,对。我和陨星一起。,"Yes. With Meteorite. ",Да. Мы с Метеорит.
line-853,杜宾,带不带新人？我这还有几个新兵蛋子需要教育教育。,"Care to bring a greenie? I have some new recruits who need to learn. ","Новичков берете? У меня тут еще парочка зеленых новобранцев, которых надо поучить."
line-855,临光,啊，不太行吧？这回可不是个轻松的活儿。,"Oh? I don't think so. This is going to be a tough one. ","А, вряд ли выйдет. В этот раз работа не из легких."
line-857,陨星,杰西卡和霜叶有个巡逻任务。也许让她们带队会好些。,"Jessica and FrostLeaf are going out on patrol. They might be in a better place to take a recruit. ","У Джессики и Фростлиф запланировано патрулирование. Может, лучше дать им возглавить группу?"
line-859,杜宾,杰西卡？能行吗？,"Jessica? Can she handle it? ",Джессика? Она справится?
line-861,陨星,你该看到她的成长。,I think you've seen how far she's come.,"Тебе стоит увидеть, как она выросла."
line-863,杜宾,我正是因为看到她的成长，才感觉她会给别人带来压力。,I have. I think she'll certainly be able to put some pressure on the new recruits.,"Именно потому, что я вижу ее рост, я и чувствую, что она будет давить на других."
line-865,陨星,那临光可是要把我压扁了。,Then Nearl is going to crush me with all her pressure.,"Ну, тогда Шининг просто раздавит меня своим авторитетом."
line-867,临光,......我......没有那么重吧？,...I... am I really that heavy?,"......Я...... не такая уж тяжелая, правда?"
line-869,陨星,不，不是那个意思。哎。,"No, that's not what I meant. *Sigh*. ","Нет, я не это имела в виду. Эх."
line-876,凯尔希,即使因为这个信念，我们会为此牺牲。,It is for this belief that we are willing to die.,Даже если ради этой веры нам придется пожертвовать собой.
line-877,凯尔希,——Ace小队，十三人。Ace，坏汤姆，克格，硬砖——,"—Ace Squad, thirteen members. Ace, Bad Tom, Kerg, Hard Brick— ","—— Отряд Эйса, тринадцать человек. Эйс, Плохой Том, Крог, Твердый Кирпич ——"
line-878,凯尔希,——木勺，十七，铜鼻子，青豆，阴银，密语，沙洗，紫焰，龋牙。,"—WoodsPoon, Seventeen, Bronze Nose, Green Pea, Lunar Silver, Confidenty, Sandwash, Violet Flame, and Caries.","—— Деревянная ложка, Семнадцать, Медный нос, Зеленый горошек, Темное серебро, Шепот, Песчаная стирка, Фиолетовое пламя, Кариес."
line-879,凯尔希,阿米娅小队，十三人。黑针，大软手，香辣吉米，歪耳。,"Amiya Squad, thirteen members. Dim Needle, B-Softhand, ChiliJimme, KeenEar. ","Отряд Амии, тринадцать человек. Черная игла, Большая мягкая рука, Острый Джимми, Кривое ухо."
line-880,凯尔希,怒鸣，稚日，马尔科·史密斯，凋。,"AngerNeighing, Sunty, Marco Smith, Fade.","Рев, Молодой день, Марко Смит, Увядание."
line-881,凯尔希,落差，霜星，安东尼奥·丽萨，野烬，卉，靛玉。,"Divides, FrostNova, Antonio Lisa, Wildash, Hui, and Indigo Jade.","Перепад, Фростнова, Антонио Лиза, Дикий пепел, Растение, Индиго."
line-889,凯尔希,我不能把霜星列入死亡名单。,I can't put FrostNova on the KIA list.,Я не могу внести Фростнову в список погибших.
line-890,,为什么？！;......;给我个理由。,Why not?! ;......;Give me a reason.,Почему?!;......; Дай мне причину.
line-892,凯尔希,哪怕你同意了，她也不是我们正式的雇员。,"No matter what you say, she wasn't an official employee.","Даже если ты согласен, она не наш официальный сотрудник."
line-893,凯尔希,你能接受一个整合运动的成员在罗德岛充满愤怒的干员心里引发波澜吗？这不是你该做的事。,"What of the consequences? What if our operators are outraged at you putting a Reunion operative on our casualty list? It's not something you should do. ","Ты готов принять то, что член «Воссоединения» вызовет волнения в сердцах полных гнева сотрудников «Родос Айленд»? Это не то, что ты должен делать."
line-894,,我们奋斗的目标是一致的。,She fought for the same goal.,У нас общая цель.
line-896,凯尔希,这样就够了吗？,Is that all it takes?,Этого достаточно?
line-897,,这样就够了。,Yes.,Этого достаточно.
line-899,,罗德岛是为了同一个信念而战的。,Rhodes Island fights for the same idea.,«Родос Айленд» сражается ради одной веры.
line-902,凯尔希,好......,Okay...,Хорошо......
line-903,凯尔希,我答应你。你承担起了自己的责任。,I'll do it. You've done your duty.,Я согласна. Ты взял на себя свою ответственность.
line-904,凯尔希,......希望以后的你，也能像现在这一刻一样。,I hope you'll stay as you are now.,"......Надеюсь, что в будущем ты сможешь оставаться таким же, как сейчас."
line-905,凯尔希,——之前的事情，我向你道歉，Dr.{@nickname}.,"—And I'd like to apologize for that thing back there, Dr. {@nickname}.","—— Что касается прошлых событий, я приношу свои извинения, Доктор."
line-906,凯尔希,你在石棺区中最后问我的问题，我将无法给出答案。明天也不能。未来也不能。,"The question you asked me back by the sarcophagus. I can't give you an answer. Not now, not tomorrow, not ever.  ","На тот вопрос, который ты задал мне в последнюю очередь в зоне саркофага, я не могу дать ответ. Ни завтра. Ни в будущем."
line-907,凯尔希,遗憾，我并不想掩藏任何真相，只是我无力将你想要的答案透露给你。我和PRTS实在是没有办法向你做出解释。请原谅我们这一失职。,"I don't want to hide the truth, but I really can't give you the answer you're looking for, unfortunately. Neither I nor PRTS have a good explanation. I hope you can forgive us.  ","Мне жаль, я не хочу скрывать истину, просто у меня нет возможности открыть тебе ответ, который ты ищешь. У нас с PRTS действительно нет способа дать тебе объяснения. Прости нас за эту оплошность."
line-908,凯尔希,但当那一天到来时，它会自己出现在你面前。,"But someday, when the time is right, it will appear to you.","Но когда наступит этот день, истина сама предстанет перед тобой."
line-909,凯尔希,博士......,Doctor...,Доктор......
line-910,凯尔希,在那一天，真相揭晓时，我能看到你做好准备吗？,When that day comes. When you finally know the truth. Will you be ready?,"Смогу ли я увидеть, что ты готов, когда в тот день истина будет раскрыта?"
line-911,凯尔希,另外，Dr.{@nickname}。,"Another thing, Dr. {@nickname}.","Кроме того, Доктор."
line-912,凯尔希,阿米娅已经承担了许多。我希望你......不会为她增加更多不好的回忆。,"Amiya has taken on a lot of burdens. I hope you could... avoid giving her more bad memories. ","Амия уже вынесла многое. Я надеюсь, ты...... не добавишь ей новых дурных воспоминаний."
line-913,凯尔希,相反，我们应该为她承担起那些即使我们自己也还不能正视的东西。我们可以做到。,"We should take more onto ourselves instead, those things which we can't even face ourselves. We can do it. ","Наоборот, мы должны взять на себя то, чему даже сами пока не можем взглянуть в лицо. Мы способны на это."
line-914,凯尔希,只要你还留在这里。只要你能一直如此。,"As long as you're here. As long as you are like this. ",Пока ты остаешься здесь. Пока ты можешь продолжать в том же духе.
line-928,凯尔希,Scout小队，十三人。Scout，姆拉姆，酒莓软芯......,"Scout Squad. Thirteen members. Scout, Milim, Tipsy... ","Отряд Скаута, тринадцать человек. Скаут, Мламу, Мягкое ядро винной ягоды......"
line-929,凯尔希,......斯琳珂，米米，雷发，索拉娜，小玛丽......,"...Slink, Mimi, Leafa, Slanna, Mary...","......Слинке, Мими, Лейфа, Солана, маленькая Мэри......"
line-930,凯尔希,......图钉，淤兰，结音，普特尔，长蝎。,"...Thumbtack, Mudflower, Macron, Pter, Scorpion.","......Кнопка, Улань, Узел звука, Путер, Длинный скорпион."
line-931,凯尔希,迷迭香小队，一人，碧银。Raidian小队，一人，水樱。,"Rosmontis Squad, one member, Bluishsilver. Raidian Squad, one member, Liqusa. ","Отряд Розмарис, один человек, Биинь. Отряд «Радиан», один человек, Водяная сакура."
line-932,凯尔希,一共四十一人在切尔诺伯格事件中牺牲。,"Forty-one sacrifices in all, in the Chernobog Incident.",Всего сорок один человек погиб в инциденте в Чернобоге.
line-933,凯尔希,罗德岛不会忘记。罗德岛会将他们永远铭记。,"Rhodes Island will not forget. We will remember their names forever. ",«Родос Айленд» не забудет. «Родос Айленд» будет помнить их вечно.
line-934,凯尔希,即使罗德岛不复存在，他们为罗德岛所做的一切，也将在大地上留下轨迹。,"Even should Rhodes Island cease to exist someday, all that they have done will leave its mark on our world.","Даже если «Родос Айленд» перестанет существовать, все, что они сделали для него, оставит след на этой земле."
line-945,阿米娅,博士......,Doctor...,Доктор......
line-946,阿米娅,不想说话吗？,You don't want to talk?,Не хочешь говорить?
line-947,阿米娅,......我明白的。在这些时间里发生太多事了。,"I get it. So much has happened. ",......Я понимаю. За это время произошло слишком много событий.
line-948,阿米娅,但是，有博士在这里，我很......我很开心。,"But, with you by my side, I feel... I feel happy.","Но я очень...... я очень счастлива, что Доктор здесь."
line-949,阿米娅,有些事情我们一个人是做不到的。,There are some things we can't do by ourselves.,"Есть вещи, которые мы не можем сделать в одиночку."
line-950,,但我们也不是为了做到什么才去做的。,But it's not like we do them for their own sake.,"Но мы делаем это не ради того, чтобы чего-то добиться."
line-952,阿米娅,嗯！,Right!,Мгм!
line-953,阿米娅,罗德岛......无论前方是什么样的阴霾等着我们，罗德岛也会继续前行。,"Rhodes Island... we always press forward, no matter what the dark clouds bring.","«Родос Айленд»...... какой бы мрак ни ждал нас впереди, мы будем двигаться вперед."
line-954,阿米娅,并且，无论这片大地上还有多少冰冷的故事......,And no matter how many terrible stories unfold across the world...,И сколько бы ледяных историй ни оставалось на этой земле......
line-955,阿米娅,......我也相信博士的心是温暖的。,I'll always believe in the warmth in your heart.,"......Я верю, что сердце Доктора теплое."
line-956,,那当然。;......;如果我其实是个坏人，那该怎么办？,That's a given.;......;What will you do if I'm actually bad?,"Разумеется.;......; А что, если я на самом деле плохой человек?"
line-958,阿米娅,欢迎回家，博士。,"Welcome home, Doctor.","С возвращением, Доктор."
line-960,阿米娅,那样的话，博士，就只有我能阻止你了。,Then I'll have to stop you myself.,"В таком случае, Доктор, только я смогу тебя остановить."
line-961,阿米娅,欢迎回家，博士。,"Welcome home, Doctor.","С возвращением, Доктор."
line-963,,你好，阿米娅。,"Hi, Amiya.","Привет, Амия."
line-988,罗德岛干员,她说话了吗？,Did she say anything?,Она что-нибудь сказала?
line-990,可露希尔,没有，从你们把她弄回来到现在，她可是真的......一句话都没说。,"Nope. Not a peep since you brought her in. ","Нет, с тех пор как вы ее притащили сюда, она...... не произнесла ни слова."
line-991,可露希尔,也太沉得住气了。就算那个......陈，对吧？来找她，她也啥都没说。,"She's so calm. Even when, uh... Ch'en, was it? Even when Ch'en came to see her, she didn't say anything.  ","Слишком уж она спокойная. Даже когда эта...... Чэнь, кажется? приходила к ней, она тоже ничего не сказала."
line-993,罗德岛干员,那你打算怎么办？,So what are you going to do about it?,Что собираешься делать?
line-995,可露希尔,我怎么办？我又不是阿斯卡纶......而且现在也没什么要她说的。,"Me? Do I look like Ascalon...? And I don't think we have anything we need from her yet anyway. ","А что я могу сделать? Я же не Аскалон...... да и сейчас не требуется, чтобы она что-то говорила."
line-996,可露希尔,进一步提供的信息什么的，也要看用在哪里吧，大概。哎好烦啊我哪会治这种人......,"More information is gonna depend on where you use it, I guess. I really don't know how to handle a person like that. ","Предоставление дальнейшей информации тоже зависит от того, где ее использовать, наверное. Фу, как же раздражает, я ведь не умею лечить таких людей......"
line-998,罗德岛干员,那几个龙门近卫局的人呢？,What about those L.G.D. people?,А как же те ребята из Департамента охраны Лунмэня?
line-1001,诗怀雅,怎么？你又不是第一次去罗德岛，害羞什么？,"What? It's not like it's your first time at Rhodes Island. What's there to be shy about? ","Что? Ты ведь не впервые на «Родос», чего стесняешься?"
line-1002,星熊,我只是升了职以后，害怕被人说是和罗德岛勾结。,I just got promoted. I don't want anyone thinking I'm working under the table with Rhodes.,"Я просто боюсь, что после повышения меня обвинят в связях с «Родос Айленд»."
line-1003,星熊,Missy你倒是完全没一点顾忌，弄得像是要去郊游一样。,"Missy, you're totally good with it, huh? You make it look like you're going shopping.","Мисси, ты вообще не переживаешь, ведешь себя так, будто на прогулку пришла."
line-1004,诗怀雅,谁能管我？,Who could stop me?,Кто мне что сделает?
line-1005,星熊,你说得对。有钱人的道理。,"Sure enough. You got that rich girl brain. ",Ты права. Логика богачей.
line-1006,诗怀雅,嗯......？魏长官办公室里，那个人......是谁？,"Hmm...? Chief Wei's office. Who's... that? ",М-м......? Кто это там...... в кабинете главы Вэя?
line-1007,星熊,......蓝色头发的天使？还是萨卡兹？,"...An angel with blue hair? Or a Sarkaz? ",......Голубоволосый ангел? Или саркази?
line-1008,诗怀雅,哇......哇！她，她受了好重的伤！,"Woah! She's really hurt! ","Вау...... вау! Она, она очень сильно ранена!"
line-1009,星熊,等等！别进去......魏长官也在里面。,"Hey! You can't just barge in... Chief Wei is in there. ",Подожди! Не входи...... глава Вэй тоже внутри.
line-1016,？？？,Chief，您似乎有客人。,"Looks like you got company, Chief.","Глава, кажется, у вас гости."
line-1018,魏彦吾,能进这附近的都是值得信任的人。与其关心这个不如关心你自己的伤势。,"Anyone who could make their way in here is someone I can trust. Let's have you look after your own wounds first. ","Те, кто может сюда войти, заслуживают доверия. Лучше побеспокойся о собственных ранах."
line-1020,？？？,如果您觉得允许外面那两个人偷听没什么关系，那我这点小伤也只是小意思。,"If you don't mind letting those two out there eavesdrop, then this little scratch is no big deal.","Если вы считаете, что нет ничего страшного в том, что та парочка снаружи подслушивает, то мои пустяковые раны — лишь мелочь."
line-1022,魏彦吾,这次你来是做什么，拉特兰的信使？,"What are you doing here, Laterano Messenger?","Зачем ты пришла в этот раз, посланница из Латерано?"
line-1024,？？？,我不是拉特兰任一官方的信使......,I'm not here as an official Laterano Messenger...,Я не официальная посланница Латерано......
line-1025,？？？,（只是，教宗确实是有一条给您的消息。）,"(Although, the Church does actually have a message for you.) ",(Просто у Папы действительно есть для вас послание.)
line-1027,魏彦吾,星熊！带诗怀雅出去。,"Hoshiguma! Take Swire outside. ",Хошигума! Уведи Свауар.
line-1029,星熊,啊，明白！,"Oh, roger that!","А, понял!"
line-1031,诗怀雅,喂！为什么就只有我......,"Hey! Why just me...? ",Эй! Почему только я......
line-1033,魏彦吾,好了。,There.,Хорошо.
line-1034,魏彦吾,信使，说。,"Speak, Messenger.","Посланница, говори."
line-1036,？？？,......他说......（拉特兰语）,...He said... (Laterano language).,......Он сказал...... (на латеранском)
line-1037,？？？,“您今早吃了什么？晚上又准备吃什么？”,"'What did you have for breakfast? And what will you eat for dinner?'  ",«Что вы ели сегодня утром? И что собираетесь есть вечером?»
line-1039,魏彦吾,......奇怪。他怎么会想知道我的看法？,"...Odd. Why would he want to know what I think? ",......Странно. С чего бы ему интересоваться моим мнением?
line-1041,？？？,我想......毕竟您才是Chief，魏先生。,"I think... You are the Chief, Mr. Wei.","Думаю...... в конце концов, вы — Глава, господин Вэй."
line-1049,可露希尔,那个算是非官方的吧。那个黄毛老虎和绿毛鬼......更多可能是来借机看看前同事的吧？,"They're not here in an official capacity. The blonde tiger and the green-haired Oni... I think they're probably here to meet an old friend or something? ","Это можно считать неофициальным визитом. А эта желтоволосая тигрица и зеленоволосый демон...... скорее всего, просто воспользовались случаем, чтобы повидать бывших коллег?"
line-1050,可露希尔,再说，再这样下去，岂不是乌萨斯皇帝内卫都要上罗德岛来转两圈了？,"But hey, if we carry on like this, we could have the Ursus Royal Guard taking a stroll around the landship.","К тому же, если так пойдет и дальше, не припрутся ли сюда еще и имперские гвардейцы Урсуса?"
line-1052,罗德岛干员,他们来了以后，有对这个......病人，产生什么效果吗？,"When they came by, did the... patient, react at all?","После их прихода, был ли какой-то эффект на эту...... пациентку?"
line-1054,可露希尔,没。,Nope.,Нет.
line-1055,可露希尔,只能想想看凯尔希在想什么了。啊，我跑一遍监控，你站那个摄像头底下去。快点快点~,"I can only ever guess at what Kal'tsit's thinking. Oh, I'll get the surveillance set up, you stand under that camera. C'mon, c'mon~  ","Остается только догадываться, что на уме у Кель'си. А, я сейчас прогоню запись с камер, встань под той камерой. Скорее, скорее~"
line-1070,科西切,塔露拉。,Talulah.,Талула.
line-1071,科西切,人是一种脆弱，复杂，且自私的生物。,"Humans are weak, complicated, selfish creatures.","Люди — хрупкие, сложные и эгоистичные существа."
line-1072,科西切,即使是瘤兽也比人要尊贵，它们在大地上觅食，行走，日复一日，这个族群从未半途而弃。,"Even cystybeasts possess a nobility human beings lack. They forage the land day after day, never stopping, never giving up.","Даже дикие звери благороднее людей. Они ищут пропитание, ходят, день за днем, и этот вид никогда не сдается на полпути."
line-1073,科西切,人则不。,Unlike humans.,Люди — нет.
line-1074,科西切,人会为了食物刺杀同类。人会为了泄欲侵害同类。,"Humans kill one another for food. Humans harm one another for selfish desires. ",Люди убивают себе подобных ради еды. Люди попирают себе подобных ради похоти.
line-1075,科西切,所以，人类需要其他人帮助他们发现自己的价值，发挥他们的价值。你有这样的资质，也有这样的权力。,"As such, human beings use others to determine their own value, to measure their worth. You have what it takes to enlighten them them, you have the right to use them. ","Поэтому человечеству нужны другие, чтобы помочь им раскрыть свою ценность и реализовать ее. У тебя есть такие способности, и есть такая власть."
line-1076,科西切,你知道自己该做什么。你的一切都是我教你的......你又要怎么超越这无数年的厚重的历史呢？人类的历史，就是斗争史。,"You know what you must do. I taught you all that you are... How do you overcome these countless years of oppressive history? The history of humanity is a history of struggle.  ","Ты знаешь, что должна делать. Всему, что ты знаешь, научил тебя я...... и как ты собираешься превзойти эту тяжелую историю, накопленную за тысячи лет? История человечества — это история борьбы."
line-1077,科西切,智慧，理想，以及方式......这些都是我教你的。放弃幻想吧。你终归会回到我这里。,"Wisdom, ideals, and methods... Your sight is my sight. Surrender your fantasies. Sooner or later, you will return to me.  ","Мудрость, идеалы и методы...... всему этому научил тебя я. Оставь иллюзии. В конце концов, ты вернешься ко мне."
line-1078,科西切,你的终点只在我。,I am your only end.,Твой финал — только во мне.
line-1085,,科西切......不，科西切，绝不。,"Kashchey... No, Kashchey. Absolutely not.","Кащей...... нет, Кащей, никогда."
line-1086,,你带给我的这一切，已经根植在我的身上，但即使这会是我永远的疮疤，过去的一切却都已经结束了。,"All that you taught me now weighs on my body, carved into it as scars forever. The past is behind us.","Все, что ты принес мне, уже укоренилось во мне, но даже если это останется моими шрамами навеки, все, что было в прошлом, уже закончилось."
line-1087,,都......结束了。,It's all... over.,Все...... закончилось.
line-1088,,不......你所带来的一切都必须被结束。,Indeed... I must put an end to all you have brought.,"Нет...... все, что ты принес, должно быть уничтожено."
line-1089,,你带给我的这些丑陋与羞愧......都是我的燃料。我未来的燃料。,"All the ugliness and shame you cast upon me... will be my fuel. It will fuel my future. ","Все это уродство и стыд, что ты дал мне...... это мое топливо. Топливо моего будущего."
line-1090,,直到我找到你，直到这片大地都得解放，我不会停止燃烧。,"Until I find you, until this world is liberated, I will never stop burning.","Пока я не найду тебя, пока вся эта земля не будет освобождена, я не перестану гореть."
line-1091,,我不会再否认你，科西切。我反对你。,"I will not deny you again, Kashchey. I oppose you. ","Я больше не буду отрицать тебя, Кащей. Я противостою тебе."
line-1092,,直到所有冤屈都伸张，所有罪恶都死亡。,Until all the wrongs have been righted and all our sins purged.,"Пока все несправедливости не будут исправлены, пока все зло не умрет."
line-1093,,我一定会做到。哪怕我们的终点是一样的，我也会让这终点只剩灰烬。烧死自己也无妨。,"It will be done. Even if our end is the same, I will burn it all to ashes. Even if I burn to death.  ","Я обязательно добьюсь этого. Пусть даже наш конец один и тот же, я превращу этот финал в пепел. Даже если сгорю сама, это не имеет значения."
line-1096,,逃出来有多久了？,How long have you been out?,Сколько я уже бегу?
line-1097,,啊，因为麻烦得很，所以早就没算了。,"Oh, I can't be bothered to count. I lost track a while ago.","А, из-за хлопот я давно перестала считать."
line-1098,,但是，再怎么逃下去，也是逃不掉的。,"But even if you run, you won't get away.","Но сколько бы ты ни бежал, от себя не убежишь."
line-1099,,敲打钉子当然不能让钉子去找锤子。作为锤子，就只能砸下去。,"One needs a hammer to strike a nail. And if all you have is a hammer, everything looks like a nail. ","Гвоздь не может сам искать молоток. Как молоток, я должна просто ударить."
line-1100,,也许现在是时候了。,Maybe now is the time.,"Может быть, время пришло."
line-1105,凯尔希,维娜！请走近一些。我有一些话要同你说。,"Vina! Come here, please. I have words for you.  ",Вина! Подойди поближе. Я хочу тебе кое-что сказать.
line-1106,推进之王,......好的，凯尔希医生。,"Alright, Dr. Kal'tsit.","......Хорошо, доктор Кель'си."
line-1107,凯尔希,等等。我先问一句，你准备好了吗？,"Just a moment. One question. Are you ready? ",Подожди. Сначала спрошу: ты готова?
line-1108,推进之王,我不知道。不如说，如果这样可以的话，那我随时都准备好了。,"I'm not sure. But I guess I'm ready whenever. ","Не знаю. Скорее, если это то, что нужно, то я готова в любой момент."
line-1123,伊斯拉姆·维特,陛下......,Your Majesty...,Ваше Величество......
line-1124,伊斯拉姆·维特,这里是整件事的档案。,Here is the completed report on the incident.,Вот архив по всему делу.
line-1126,费奥多尔,——为什么会发生这种事？,—How did this happen?,—— Почему это произошло?
line-1127,费奥多尔,......内卫里是不是有人背叛？,Did one of the Royal Guards betray us?,......В рядах гвардии предатели?
line-1128,费奥多尔,维特，诚实地回答我。,"Witte, give me an honest answer.","Витте, отвечай честно."
line-1129,费奥多尔,我的胸膛，就像冬日里久未点燃的壁炉，只有坦诚的话语才肯教我的心脏重新开始跳动，哪怕那些令人不快的事实确实会伤透我的心也一样。,"My chest is an unlit fireplace on a winter day. Only honest words will get my heart beating again, whether or not an unpleasant truth may break it.","Моя грудь, словно давно не разжигавшийся зимний очаг, и только искренние слова могут заставить мое сердце забиться вновь, даже если отвратительные факты действительно разобьют мое сердце."
line-1131,伊斯拉姆·维特,没有。内卫不会背叛您，陛下。内卫们会为您一直服务下去，直到这片大地被火焰吞没为止——只要您依然还是乌萨斯的君主。,"No. Your Royal Guards would never betray Your Majesty. They will remain loyal to you until the world itself is consumed by fire, as long as you are the rightful Emperor of Ursus.  ","Нет. Гвардия не предаст вас, Ваше Величество. Гвардия будет служить вам до тех пор, пока эта земля не будет поглощена огнем — до тех пор, пока вы остаетесь монархом Урсуса."
line-1133,费奥多尔,你我都知道这只是说辞。如果内卫没有对那个老怪物的死袖手旁观......,"You and I both know those are but empty words. Would that the Guard did more than stand back and watch the old monster die... ","Мы оба знаем, что это лишь слова. Если бы гвардия не стояла в стороне, глядя на смерть того старого монстра......"
line-1134,费奥多尔,......行了！更多的体面话，更多的说辞，我厌烦了！维特，你不是小丑弄臣，对吗？直抒胸臆吧，维特，直白地回答我！,"Enough! No more platitudes, no more masks, I've grown weary! Witte, you are no fool. Tell me your thoughts! And look me in the eye as you do!   ","......Довольно! С меня хватит вежливых фраз и оправданий! Витте, ты ведь не придворный шут, верно? Говори прямо, Витте, отвечай начистоту!"
line-1135,费奥多尔,这一场拙劣阴谋的主谋们，他们现在在哪？,Where are the puppetmasters behind this plot?,Где сейчас главные зачинщики этого неуклюжего заговора?
line-1137,伊斯拉姆·维特,——,——,——
line-1138,伊斯拉姆·维特,贝加尔大公、第三集团军副师团长兼松香总督，还有刻尔克子爵。,"Grand Duke Baikal, Deputy Marshal of the Third Army and Governor General Rosin, and Viscount Kerque.","Великий князь Байкала, заместитель командира дивизии 3-й армии и генерал-губернатор сосновой смолы, а также виконт Керк."
line-1139,伊斯拉姆·维特,当然，我依然没有充足的证据证明他们的确是策划了整个事件的主谋。,"Of course, I still lack the evidence to prove that they actually orchestrated the entire ordeal.","Конечно, у меня по-прежнему нет достаточных доказательств того, что они действительно были главными организаторами всего события."
line-1140,伊斯拉姆·维特,而且，在内卫将要惩罚这些罪人，踢开他们的房门把他们吊死在自己家里时，却发现......,"Further, when the Royal Guard went to hang them all in their homes. They found...","И когда гвардия собиралась наказать этих преступников, выбить двери их домов и повесить их, выяснилось......"
line-1141,伊斯拉姆·维特,却发现，这些叛徒，他们根本不敢面对自己犯下的罪行以及您的震怒。在受刑之前，他们就已经畏罪自杀。,"These traitors, lacking the courage to face their crimes and your wrath, they took their own lives rather than bear their due punishment. ","Выяснилось, что эти предатели просто не осмелились встретить лицом к лицу свои преступления и ваш гнев. Еще до исполнения приговора они совершили самоубийство, боясь наказания."
line-1143,费奥多尔,懦夫......这些懦夫，他们甚至没有面对一场公正审判的勇气。,Cowards... absolute cowards! Have they not even the meager courage it takes to stand trial?,Трусы...... у этих трусов не хватило мужества даже на справедливый суд.
line-1144,费奥多尔,看来他们知道！他们知道一旦自己被审判，他们龌龊至极的贪欲，他们污秽无比的心思，这些都会暴露在乌萨斯国民面前！,"They must have known! They knew that a trial would reveal their base desires, their corrupted minds, to all the people of Ursus! ","Похоже, они знали! Они знали, что если предстанут перед судом, их грязная алчность и омерзительные мысли предстанут перед народом Урсуса!"
line-1145,费奥多尔,但我们......现在的我们依然没法公审他们。,And yet... now we will never bring them to trial.,Но мы...... мы все еще не можем судить их публично.
line-1147,伊斯拉姆·维特,是的，陛下。很遗憾，这一切我们还是要将之安排在幕布之后，而不是暴露在台面上。,"True, Your Majesty. How regrettable that we must now keep this knowledge behind the curtain, rather than take it out onto the stage. ","Да, Ваше Величество. Очень жаль, но нам придется договориться за кулисами, а не выносить все на всеобщее обозрение."
line-1148,伊斯拉姆·维特,一旦把蠢笨的驮兽惹急，它们也会吃草以外的东西。,Even a stupid burdenbeast will do more than chew grass when roused.,"Если довести до крайности глупых вьючных животных, они начнут есть и не траву."
line-1149,伊斯拉姆·维特,即使如此，他们剩下的那些部分，身体的那部分，内卫们还是妥善地处理掉了。,"Nevertheless, the Royal Guard disposed of their remains in the proper manner.","Тем не менее, гвардия все же должным образом распорядилась их останками."
line-1150,伊斯拉姆·维特,他们的尸骨将被吊在房梁上直至发臭，没有人敢解下他们腐烂的遗体。,"Their rotten corpses will dangle, stinking from the ceiling. No one will dare take them down.","Их кости будут подвешены на стропилах до тех пор, пока не начнут смердеть, никто не осмелится снять их гниющие тела."
line-1151,伊斯拉姆·维特,如果他们成功了，他们将把乌萨斯拖进战争，重夺权力，削弱议会的力量......甚至是更多地架空我们的城市。,"Had their conspiracy succeeded, Ursus would have suffered another war, they would have seen their influence increase, proportionally draining the power of the Council... perhaps further degrading our cities.","Если бы они преуспели, они бы втянули Урсус в войну, вернули себе власть, ослабили бы влияние парламента...... и даже больше выхолостили бы наши города."
line-1152,伊斯拉姆·维特,幸亏他们失败了。,We are most fortunate they failed.,"К счастью, они потерпели неудачу."
line-1154,费奥多尔,叛国者！这样的下场太便宜他们了，应该拿他们去喂蓄肉蝎！,"Traitors! Death was too good for them. I should feed them to the Flesh Buthidas! ","Предатели! Такой конец для них слишком легкий, нужно было скормить их мясным скорпионам!"
line-1155,费奥多尔,但......那些行为实在是太恐怖了。不。我们不能这么做。,"But... that would be a terrible thing. No. We can't do that.  ","Но...... их действия были слишком ужасны. Нет, мы не можем так поступать."
line-1156,费奥多尔,请原谅我，维特，我不是有意要说出这种话的。,"Pardon me, Witte. I didn't mean to lash out like that.","Простите меня, Витте, я не хотел говорить такое."
line-1157,费奥多尔,我们不能再重蹈覆辙，不管现在的我准备撒播多少怒火到我的敌人头上，这种行为，我必须承认，是我无法忍受的。,"We must not go back down the road of ruin. No matter how much rage I have for my enemies, I cannot exhibit such behavior. ","Мы не можем повторять старых ошибок, сколько бы гнева я сейчас ни хотел выплеснуть на врагов, я должен признать, что такие методы мне невыносимы."
line-1159,伊斯拉姆·维特,您在大叛乱时期拒绝使用这些手段。直至今日，我却依然认为，除了血淋淋的警告以外，没什么能触动他们。,"You did not resort to them during the Great Rebellion. To this day, I feel that only a proper, blood-soaked threat would have stirred them. ","Во времена Великого бунта вы отказывались использовать подобные меры. До сих пор я считаю, что ничто не тронет их, кроме кровавого предупреждения."
line-1160,伊斯拉姆·维特,只有更直白的恐怖才能震慑习惯给别人带去恐怖的人。,Pure terror is the only language those who terrorize the innocent can understand.,"Только еще более явный ужас может устрашить тех, кто привык сам наводить ужас на других."
line-1161,伊斯拉姆·维特,即使我坚决反对采取这些手段。,Although I am personally opposed to such measures.,Даже если я решительно против использования таких мер.
line-1163,费奥多尔,不可思议。,Unfathomable.,Невероятно.
line-1164,费奥多尔,难道就只有这些恶毒的传统才能震慑那群无知又目光短浅的呆瓜吗？,"Must I resort to such ancient brutality, such poisonous traditions to stand against the ignorant?",Неужели только такие злобные традиции могут держать в страхе эту группу невежественных и близоруких дураков?
line-1165,费奥多尔,我们帝国的剑与盾就是被这些蛆虫握在手里的吗？就连我们也要被逼着一起无助地步入腐朽吗？,"And as these maggots seize the swords and shields of our empire, are even we left to naught but rot? ",Меч и щит нашей империи оказались в руках таких червей? И мы тоже обречены беспомощно гнить вместе с ними?
line-1167,伊斯拉姆·维特,陛下，很遗憾，这个问题我回答不了。从法律上来说，我毕竟不是您官方口径中的情报头子。,"Forgive me, Your Majesty. I do not have an answer to that question. From a constitutional perspective, I am not your legal spymaster. ","Ваше Величество, к сожалению, я не могу ответить на этот вопрос. По закону я ведь не являюсь тем человеком, который возглавляет разведку в ваших официальных сводках."
line-1169,费奥多尔,更重要的是，维特，那个传说是不是真的？那个“不死者黑蛇”，是不是就像他们说的那样，是一个没法被杀死的恶神？,"More importantly, Witte, is the legend true? Is the 'Deathless Black Snake' a malignant deity that cannot be slain? ","Что еще важнее, Витте, правдива ли та легенда? Этот «Бессмертный Черный змей», действительно ли он такой злобный бог, которого невозможно убить, как говорят?"
line-1170,费奥多尔,假如说是我们这片广袤的国土上，这样的恶神还不止一个呢？我们的国民要怎么样才能从这种奴役中解脱出来？,"And are there other such deities like it in our realm? What can we do to free our people from this tyranny? ","А что, если на нашей бескрайней земле таких богов-злодеев еще больше? Как наш народ сможет освободиться от этого рабства?"
line-1171,费奥多尔,维特，我们站在光明之下......却被黑影包围！我们能用一把火去照亮乌萨斯吗？,"Witte, we stand now in the light... surrounded by darkness! Can we use fire to illuminate Ursus? ","Витте, мы стоим на свету...... но окружены тьмой! Можем ли мы зажечь огонь, чтобы осветить Урсус?"
line-1173,伊斯拉姆·维特,陛下，我只想指出一个事实。即使是近数十年来，有明显卷入这些事件迹象的长生者，自始至终也只有科西切公爵一人。,"Your Majesty, I must point to one fact. In recent decades, only the Duke of Kashchey, among all the Ageless, shows clear signs of involvement in these events. ","Ваше Величество, я хочу лишь указать на один факт. Даже за последние десятилетия единственным долгожителем, замеченным в этих событиях, был герцог Кащей."
line-1174,伊斯拉姆·维特,何况在他死后，我们也没有办法验证她的身份。,"And even after his death, we are unable to confirm her identity. ","К тому же, после его смерти у нас нет возможности подтвердить его личность."
line-1175,伊斯拉姆·维特,这说明，即使乌萨斯依然有长生者在......他们依然畏惧您。,That tells us that the Ageless of Ursus... still fear you.,"Это значит, что даже если в Урсусе есть долгожители...... они по-прежнему боятся вас."
line-1176,伊斯拉姆·维特,或者说，畏惧您和您的睥睨。,They fear you and your contempt.,"Или, точнее, боятся вас и вашего величия."
line-1177,伊斯拉姆·维特,我们推翻骏鹰的统治，此事距今已经近千年。乌萨斯民族的韧性并非一两个垂老的怪物可以比拟。,"Nearly a thousand years have passed since we overthrew the Hippogryph. A couple of dying monsters cannot stand against the might of the Ursus people. ",Мы свергли правление Грифонов почти тысячу лет назад. Устойчивость нации Урсуса не сравнить с парой дряхлых монстров.
line-1178,伊斯拉姆·维特,它们想做的，让它们做。它们会失败。,"Let them do as they will. They will fail. ","Пусть делают, что хотят. Они потерпят неудачу."
line-1179,伊斯拉姆·维特,我们终将找到它们，也将毁掉它们。您不该操心。,"We will find them, and we will destroy them. Your Majesty need not worry. ",Мы найдем их и уничтожим. Вам не о чем беспокоиться.
line-1181,费奥多尔,真要如你所说，那也好。,I hope it all proceeds as you've said.,"Если это действительно так, что ж, хорошо."
line-1182,费奥多尔,感染者的事情呢？有什么进展吗？,"What of the Infected situation? Any developments? ",А что насчет зараженных? Есть какие-то успехи?
line-1184,伊斯拉姆·维特,您操之过急了。关闭西北各军所拥有的感染者矿场这事为时尚早。,"Your Majesty is overhasty. You acted too quickly to close the Infected mines the armies held in the northwest. ","Вы слишком торопитесь. Еще рано закрывать шахты для зараженных, которыми владеют различные полки на северо-западе."
line-1185,伊斯拉姆·维特,您也许只是希望削弱军队的资源储备，甚至这体现了您的一点仁慈——,"It may have been your hope to weaken the Army's supply reserves, or even show a little benevolence—","Возможно, вы просто хотите ослабить ресурсы армии, и это проявление вашего милосердия——"
line-1186,伊斯拉姆·维特,但不止是军队反对您，您的人民也反对这件事。感染者令他们害怕。,"But as much as the Army opposes you, your people also oppose this. They fear the Infected. ","Но не только армия против вас, ваш народ тоже против этого. Зараженные вызывают у них страх."
line-1187,伊斯拉姆·维特,您不能与您的人民敌对，现在还不能，您的人民大多憎恶感染者，所以您与军方对抗，就会被有意曲解成与人民对抗。,"It is unwise to go against your people, at this juncture. They by and large despise the Infected, and standing against the Army here could be seen as you standing against the people.","Вы не можете противостоять собственному народу, сейчас нельзя. Ваш народ ненавидит зараженных, поэтому ваше противостояние с военными будет преднамеренно истолковано как противостояние с народом."
line-1188,伊斯拉姆·维特,您的资本还不足以支撑您这么做。,You lack the resources to pursue this course.,"Вашего капитала еще недостаточно, чтобы позволить себе такое."
line-1190,费奥多尔,......,......,......
line-1191,费奥多尔,即使这样的做法是对的？,Even if it's the right thing to do?,Даже если это правильное решение?
line-1193,伊斯拉姆·维特,即使这样的做法是对的。您对感染者宽容，却可能因此将他们推进火坑。,"Even if it's the right thing to do. This is to show leniency to the Infected by shoveling them into the jaws of hell. ",Даже если это правильное решение. Ваша толерантность к зараженным может лишь подтолкнуть их в огонь.
line-1194,伊斯拉姆·维特,到时间了，陛下。圣愚已经在门口等了十五分钟有余。您也许该立刻处理这事。,"It is time, Your Majesty. Yurodstvo has been waiting at the door for over fifteen minutes. I think you may want to see to him.  ","Пришло время, Ваше Величество. Юродивый ждет у входа уже более пятнадцати минут. Вам следует разобраться с этим немедленно."
line-1196,费奥多尔,哼，装神弄鬼的狂人！我要好好地羞辱他。,"Hmph. Raving lunatic with his holy visions! I'll make a proper joke of him. ","Хм, фанатик, строящий из себя святого! Я его хорошенько унижу."
line-1197,费奥多尔,在这之前，维特，我们能成功吗？我们能让乌萨斯重现辉煌吗？,"But before that, Witte, do you think we can do it? Can we make Ursus great again? ","А до этого, Витте, сможем ли мы преуспеть? Сможем ли мы вернуть Урсусу былое величие?"
line-1199,伊斯拉姆·维特,我不知道，陛下。给您一个答案并不合理。,"I don't know, Your Majesty. Now is not an appropriate time to answer you. ","Не знаю, Ваше Величество. Дать вам ответ было бы неразумно."
line-1200,伊斯拉姆·维特,至少您不像您的父亲一样会毁灭这片大地。这已经是件好事。,"But at least you do not lay waste to the world as your father did. That is already quite good. ","По крайней мере, вы, в отличие от отца, не собираетесь уничтожить эту землю. Уже это — хорошо."
line-1206,伊斯拉姆·维特,感染者塔露拉......是吗。,Talulah the Infected... hm.,Зараженная Талула...... вот как.
line-1207,伊斯拉姆·维特,如果你能打碎不死黑蛇的诅咒，那你也该能打碎你自己身上其他的那些。,"Should you break the curse of the Deathless Black Snake, then you should be able to break through everything that weighs upon you.","Если ты сможешь разрушить проклятие Бессмертного Черного змея, то должна будешь разрушить и другие, что лежат на тебе."
line-1208,伊斯拉姆·维特,......希望有一天，我们能有机会真正战胜属于先皇的那个国家。,I hope that one day we have a real chance to defeat the country of the last emperor.,"......Надеюсь, однажды у нас будет шанс по-настоящему победить ту страну, что принадлежала прошлому императору."
line-1224,,塔露拉？,Talulah?,Талула?
line-1225,,辛苦你了，这种天气你还去站岗。,"You're doing a good service, standing guard in this weather.","Тяжело тебе, в такую погоду стоять на посту."
line-1226,,我知道是你自己要求的。,I know it is what you want.,"Я знаю, это твой выбор."
line-1228,塔露拉,你知道。在我们走出冬天前我的火是不会熄的。,"So you do. Until we walk out of this winter, my fire will keep burning. ","Ты знаешь. Пока мы не выйдем из этой зимы, мой огонь не погаснет."
line-1236,霜星,（嘘。声音轻些......）,"(Sh. Quiet...) ",(Тс. Потише......)
line-1237,霜星,（他们睡着了。）,"(They're sleeping.) ",(Они спят.)
line-1238,塔露拉,（哦......对不起。嘘。）,"(Oh, sorry. Shh.)  ",(О...... прости. Тс.)
line-1239,塔露拉,（训练了一天？）,"(They trained all day?) ",(Тренировались весь день?)
line-1240,霜星,（这个深色头发的孩子也许很适合弓弩。）,"(The kid with the dark hair looks like he could handle a bow.) ","(Этот темноволосый ребенок, возможно, хорошо владеет арбалетом.)"
line-1241,霜星,（不过也要等他再长大一些。）,"(But he'll need to grow a bit.) ","(Но нужно подождать, пока он немного подрастет.)"
line-1242,塔露拉,（那就让他们睡吧。可是......）,"(Then let them sleep. But...) ",(Тогда пусть спят. Но......)
line-1243,霜星,（我正准备走。我的温度还是太冷了，他们会感冒的。）,"(I'm about to leave. I'm dropping the temperature too much. They'll catch a cold.)  ","(Я уже собираюсь уходить. Моя температура слишком холодная, они могут простудиться.)"
line-1244,塔露拉,（麻烦你了。）,"(Sorry to bother you.) ",(Беспокою тебя.)
line-1245,霜星,（没有。只是这个白发孩子......睡得很浅。我不唱歌他就不断在梦里挣扎。只能唱到他睡熟为止。不知道他以前遭遇了些什么。）,"(You didn't. It's just the one with the white hair... he's a light sleeper. If I don't sing to him, he has night terrors. I don't know what he's been through.     ","(Нет. Только этот беловолосый ребенок...... спит очень чутко. Если я не пою, он продолжает метаться в своих снах. Приходится петь, пока он не уснет крепко. Не знаю, что ему пришлось пережить.)"
line-1246,塔露拉,（时间会修补我们的伤口的。）,"(Time heals all wounds.) ",(Время залечит наши раны.)
line-1247,塔露拉,（你父亲还在制订明天的战略？他和我谈过附近的乌萨斯感染者输送集散地。）,"(Is your father still working on tomorrow's battle plan? He told me something about an Ursus Infected transport center.)  ",(Твой отец все еще разрабатывает стратегию на завтра? Он говорил со мной о ближайшем пункте распределения зараженных Урсуса.)
line-1248,霜星,（他要深思熟虑，才能减少我们的损耗。他每次都和我这么说，要我注意。）,"(He has to think carefully, keep our losses low. He always tells me to pay attention to that.)  ","(Он должен все тщательно обдумать, чтобы уменьшить наши потери. Он всегда говорит мне об этом, просит быть внимательной.)"
line-1249,塔露拉,（......已经很晚了。）,"(It's already so late.) ",(......Уже очень поздно.)
line-1250,霜星,（我没见过他睡觉。从没见过。）,"(I've never seen him sleep. Not once.)  ","(Я никогда не видела, чтобы он спал. Никогда.)"
line-1251,塔露拉,（再英雄的人物也总是要休息的。其他的战士们大多也歇息了。）,"(Heroes need rest too. The other fighters should've taken some.)  ",(Даже героям нужно отдыхать. Остальные воины тоже отдыхают.)
line-1252,霜星,（想他的事不如想你自己的。你前几天说联系上的人，叫什么名字？是哪里人？）,"(Think of yourself before him. Who was that you reached out to a few days ago? Where were they from?)   ","(Думать о его делах важнее, чем о своих. Как звали тех, с кем ты связалась на днях? И откуда они?)"
line-1253,塔露拉,（柳德米拉和亚历克斯。他们似乎在切尔诺伯格附近活动，对那座城市的事情很熟悉。）,"(Lyudmila and Alex. Looks like they've been around Chernobog. They know the city well.)  ","(Людмила и Алекс. Кажется, они активны неподалеку от Чернобога и хорошо знают дела этого города.)"
line-1254,霜星,（那是座大城。）,"(That's a big city.) ",(Это большой город.)
line-1255,塔露拉,（是的。但那里也有许多感染者。我们说不定能把他们接出来......战术可靠的话。）,"(Yes. And with lots of Infected in it. We might be able to bring them in... with the right plan.)   ","(Да. Но там много зараженных. Может, мы сможем вывести их...... если тактика будет надежной.)"
line-1256,塔露拉,（柳德米拉他们都是坚定的人。我想，他们会成为我们可靠的朋友，就算他们现在稍微激进了些。）,"(Lyudmila and the people with her seem strong. I think they might become dependable allies, even if they're a little ornery right now.)  ","(Людмила и остальные — решительные люди. Думаю, они станут нашими надежными друзьями, даже если сейчас они немного радикальны.)"
line-1257,霜星,（有每个月都和乌萨斯军队打起来的我们激进？）,"(Ornery as those of us fighting the Ursus Army all the time?) ","(Радикальнее нас, которые каждый месяц сражаются с армией Урсуса?)"
line-1258,霜星,（切尔诺伯格。我们离那里太远了，太多障碍了。要多少年？花上三四年我们都到不了那里。）,"(Chernobog. It's too far, and too many things stand in our way. How many years would it take? Three or four still wouldn't get us there.)    ","(Чернобог. Мы слишком далеко оттуда, слишком много препятствий. Сколько лет? Потратим три-четыре года, и мы даже не доберемся туда.)"
line-1259,塔露拉,（就算我们不是要对抗它或者停下它......它还是会向我们驶来的。有了城市感染者的工艺，我们可能真的能建立自己的城市。）,"(Even if we don't fight it or stop it... it will have to come to us. With the efforts of the Infected in the city, we can build a city of our own.)  ","(Даже если мы не собираемся противостоять ему или остановить его...... он все равно будет двигаться к нам. Обладая технологиями городских зараженных, мы, возможно, действительно сможем создать собственный город.)"
line-1260,塔露拉,（再说，三四年......一觉醒来就是明天。明天是很近的。）,"(And maybe, in three or four years' time... we'll be looking at tomorrow. Tomorrow is so close.)  ",(К тому же три-четыре года...... просыпаешься — и уже завтра. Завтра так близко.)
line-1261,霜星,（我喜欢这句话。）,"(I like the sound of that.) ",(Мне нравится эта фраза.)
line-1262,霜星,（你也早点休息。）,"(Get some rest.) ",(И ты отдохни пораньше.)
line-1263,塔露拉,（好，晚安。）,"(Right. Good night.) ","(Хорошо, спокойной ночи.)"
line-1264,塔露拉,（......晚安，萨沙，伊诺。）,"(Good night, Sasha, and Eno.) ","(......Спокойной ночи, Саша, Ино.)"
line-1265,霜星,（快点回去吧。我一会儿把孩子们送回聚落。）,"(Hurry back. I'll send the kids to the settlement soon.)  ",(Иди скорее. Я сейчас отведу детей в поселение.)
line-1266,塔露拉,（嗯。）,"(Right.) ",(Мгм.)
line-1267,塔露拉,（各位战友......）,(My brothers and sisters...),(Товарищи по оружию......)
line-1275,,晚安。,Good night.,Спокойной ночи.