ID,Character,Original Text,Reference,Translation
__translator__,,Translator,,nep0num
__language__,,Language,en_US,ru_RU
__episode__,,Episode ID,,act42side
__chapter__,,Chapter Name,activities/act42side/level_act42side_10_end,降生
,,,,
char-1,帕特里奇昂,帕特里奇昂,Patrizion,Патрициан
char-2,“圣徒”,“圣徒”,'Saint',«Святой»
char-3,？？？,？？？,???,???
char-4,梵里妮,梵里妮,Vannini,Фанрини
char-5,潘格尼尼,潘格尼尼,Paganini,Панганини
char-6,帕蒂亚,帕蒂亚,Patia,Патия
char-7,离群萨科塔,离群萨科塔,Sankta Errari,Изгой-Санкта
char-8,莫斯提马,莫斯提马,Mostima,Мостима
char-9,席德佳,席德佳,Hildegard,Сидгар
char-10,堕天使,堕天使,Fallen Angel,Падший ангел
char-11,离群萨科塔们,离群萨科塔们,Sanktas Errari,Изгои-Санкта
char-12,菲亚梅塔,菲亚梅塔,Fiammetta,Фиаметта
char-13,蒙恩的生物A,蒙恩的生物A,Enlightened Creature A,Благословенное существо А
char-14,蒙恩的生物B,蒙恩的生物B,Enlightened Creature B,Благословенное существо Б
char-15,蕾缪安,蕾缪安,Lemuen,Лемуан
char-16,蒙恩的生物,蒙恩的生物,Enlightened Creature,Благословенное существо
char-17,能天使,能天使,Exusiai,Экзузай
char-18,阿摩斯,阿摩斯,Amos,Амос
char-19,安多恩,安多恩,Andoain,Андоэн
char-20,惊惧的小孩,惊惧的小孩,Fearful Child,Испуганный ребенок
char-21,恐慌的小孩,恐慌的小孩,Panicking Child,Напуганный ребенок
char-22,努艾达,努艾达,Nueda,Нуада
char-23,木攀兽,木攀兽,Arborbeast,Древесный зверь
char-24,费德里科,费德里科,Federico,Федерико
char-25,虚弱的女性,虚弱的女性,Sickly Woman,Слабая женщина
char-26,阿尔图罗,阿尔图罗,Arturia,Артур
char-27,圣堂巡卫A,圣堂巡卫A,Shrine Patrol A,Храмовый страж А
char-28,圣堂巡卫B,圣堂巡卫B,Shrine Patrol B,Храмовый страж Б
char-29,行走的萨科塔A,行走的萨科塔A,Walking Sankta A,Идущий санкта А
char-30,行走的萨科塔B,行走的萨科塔B,Walking Sankta B,Идущий санкта Б
char-31,萨科塔小孩B,萨科塔小孩B,Sankta Child B,Ребенок санкта Б
char-32,萨科塔小孩A,萨科塔小孩A,Sankta Child A,Ребенок санкта А
char-33,薇尔丽芙,薇尔丽芙,Velliv,Вирлиф
char-34,伊万杰利斯塔十一世,伊万杰利斯塔十一世,Yvangelista XI,Эвангелист XI
char-35,小孩们,小孩们,Children,Дети
,,,,
line-15,帕特里奇昂,......,...,......
line-20,,“圣徒”拖动巨大的身躯，行走在队伍的最前面，那个叫蕾缪乐的萨科塔仍在上蹿下跳，变魔术般地掏出一把把铳，向着她倾泻火力......,"The 'Saint' drags her massive body along as she walks at the head of the procession. The Sankta named Lemuel jumps around, pulling out gun after gun like prestidigitation, raining a hail of gunfire onto her quarry.","«Святой» волочил своё огромное тело, шагая во главе процессии. Санкта по имени Лемурэ продолжала прыгать вокруг, словно по волшебству извлекая пистолеты и обрушивая на него шквал огня..."
line-21,,但“圣徒”仍然回头看了一眼。,But the 'Saint' barely even spares her a glance.,Но «Святой» всё же оглянулся.
line-25,,她头顶的光环闪烁，哪怕隔着那么远的距离，帕特里奇昂仍清晰地听到了对方的“声音”。,"Her halo shimmers, and despite the great distance separating them, Patrizion still hears her 'voice' with perfect clarity.","Его нимб мерцал, и даже с такого расстояния Патрициан отчетливо слышал его «голос»."
line-26,,毫无疑义，共感在加强，这说明这场漫长的旅程越来越靠近终点。,"Their empathy is growing stronger, which means their long journey approaches its end.","Сомнений не было: эмпатия усиливалась, а это означало, что это долгое путешествие приближается к концу."
line-27,“圣徒”,帕特里奇昂，将你的挚友暂时交给其他的同胞吧，我们无需为他致哀。,"Allow our other cohorts to take care of your friend's remains, Patrizion. We do not need to mourn him.","Патрициан, оставь своего дорогого друга на попечение других сородичей, нам не нужно скорбеть о нем."
line-29,帕特里奇昂,圣徒......,Your Beatitude...,Святой......
line-31,“圣徒”,还记得那只木攀兽的幼崽吗？,Do you still remember that arborbeast fledgling?,Помнишь детёныша древесного альпиниста?
line-32,“圣徒”,若我们行至终点，拉特兰将复现生命的奇迹——一切奇迹。,"If we reach our destination, Laterano shall recreate the miracle of life once more. Every miracle, freely performed.","Если мы дойдем до конца, Латеран явит чудо жизни — всякое чудо."
line-34,帕特里奇昂,您是说？,You mean...?,Вы хотите сказать?
line-36,“圣徒”,所以，向前走吧。,"And so, we move onwards.",Поэтому иди вперед.
line-45,,浩浩荡荡的队伍经过一尊又一尊圣像，一座又一座铳械工坊，城市就这么一点一点被点亮。,"The grand procession passes statues after statue, workshop after workshop. The city grows brighter, step by step, pace by pace.","Огромная процессия проходила мимо статуй святых и оружейных мастерских, и город зажигался мало-помалу."
line-46,,帕特里奇昂沉默地向前走着。,Patrizion walks forward in silence.,Патрициан молча продолжал свой путь.
line-48,？？？,站......站住。,S... Stop.,С-стой.
line-55,,年轻的制铳师学徒逆着人流走来，最终在帕特里奇昂面前站定。面对这个比自己高出许多的铳骑，梵里妮举起了铳。,"A young gunsmith's apprentice walks against the flow of people, stopping in front of Patrizion. Vannini stares down the gun-knight, many times taller than her. She raises her gun against him.","Юная ученица-оружейник шла против потока людей и в конце концов остановилась прямо перед Патрицианом. Столкнувшись с этим оруженосцем, который был намного выше неё, Ванрини подняла пистолет."
line-56,,队伍从他们身侧经过，但没人往这边看一眼。梵里妮紧咬着嘴唇，尽量控制自己的手臂不要颤抖。,"The crowd parts around them, but none look toward them. Vannini bites her lip, doing her best to stop her hand from trembling.","Толпа текла мимо них, но никто не бросил ни взгляда в их сторону. Ванрини закусила губу, изо всех сил стараясь, чтобы её рука не дрожала."
line-58,帕特里奇昂,......,...,......
line-59,帕特里奇昂,啊，你是那个学徒？,"Ah, you are his apprentice, yes?","А, ты та самая ученица?"
line-61,梵里妮,老师......在哪？,Magister Paganini... Where is he?,Учитель... где он?
line-63,帕特里奇昂,他......,He...,Он......
line-65,梵里妮,老师警告我。所以在梦里，我、我......藏在工坊。醒来后，我也犹豫了很久......,"He warned me. So in the dream, I-I... hid in the workshop. After I awoke, I still hesitated for so long...","Учитель предупреждал меня. Поэтому во сне я... я... пряталась в мастерской. Проснувшись, я тоже долго колебалась......"
line-66,梵里妮,现在的你......很可怕，拉特兰很可怕，我不清楚发生了什么，我连守护铳都还没有......,"Right now, you're... scary. Laterano's scary. I don't know what's going on, I don't even have a patron firearm...","Ты сейчас... очень пугающий, Латеран пугает, я не знаю, что происходит, у меня даже нет охранного пистолета......"
line-67,梵里妮,可我不能躲着、等着......,But I can't just hide and wait...,Но я не могу просто прятаться и ждать......
line-69,帕特里奇昂,所以，你为自己做了这把铳，然后来阻拦我？,So you made yourself that gun and came to stop me?,"Значит, ты сама сделала этот пистолет, чтобы остановить меня?"
line-71,梵里妮,嗯。,Mhm.,Да.
line-73,帕特里奇昂,真勇敢。,That's very brave of you.,Какая храбрость.
line-74,帕特里奇昂,可是孩子，看到这支队伍了吗？我们在孕育一个奇迹，而几乎所有的拉特兰人都参与其中......,"But do you see this procession, my child? We will birth a miracle, one that nearly all Laterans will be a part of.","Но дитя, ты видишь эту процессию? Мы взращиваем чудо, и почти все жители Латерана участвуют в этом......"
line-75,帕特里奇昂,这并不“可怕”。,It's not 'scary'.,Это вовсе не «пугающе».
line-77,梵里妮,（摇头）和我，没关系。,(Shakes head) That's got... nothing to do with me.,(качает головой) Это меня не касается.
line-78,梵里妮,我说话，不太会......想不到更、更糟糕的词......,I'm not very... good with words. I couldn't... couldn't think of any worse ones...,Я плохо говорю... не могу подобрать слов похуже...
line-79,梵里妮,老师，我唯一亲人......,Magister Paganini was... my only family...,"Учитель, мой единственный близкий человек......"
line-80,梵里妮,我和拉特兰，唯一，联系。,My only... connection... to Laterano...,Моя единственная связь с Латераном.
line-82,帕特里奇昂,唯一的联系啊......,"Your only connection, huh...?","Единственная связь, значит......"
line-94,帕特里奇昂,潘，既然你在梦境里没能成功长出光环，为什么会在队伍里？,"Pag, you never got a halo in the dream, so why did you join the procession?","Пан, раз уж тебе не удалось отрастить нимб во сне, почему ты в этой процессии?"
line-97,潘格尼尼,混进来，当然是为了能找机会弄死你。,"To find a chance to kill you, obviously.","Я втерся в доверие, конечно же, чтобы найти шанс прикончить тебя."
line-99,帕特里奇昂,......,...,......
line-101,潘格尼尼,那个狙击手，是你曾经的学生吧？,"That sniper, your old student?","Тот снайпер, он ведь был твоим учеником, верно?"
line-103,帕特里奇昂,......,...,......
line-105,潘格尼尼,很难过？,"Tragic, isn't it?",Тебе грустно?
line-107,帕特里奇昂,......,...,......
line-109,潘格尼尼,和吉雅走的时候比呢？,Worse than when Gia left?,"А по сравнению с тем, когда уходила Джия?"
line-111,帕特里奇昂,......,...,......
line-113,潘格尼尼,你还要听那个怪物的，继续护着这支队伍往前？,You still going to listen to that monster? Going to keep protecting the crowd on this walk?,"Ты и дальше будешь слушать этого монстра, защищая эту процессию?"
line-115,帕特里奇昂,......,...,......
line-118,潘格尼尼,别以为我不懂你在想什么。,Don't think I don't know what you're thinking.,"Не думай, что я не понимаю, о чем ты думаешь."
line-119,潘格尼尼,五十年前的拉特兰，让你不得不驱逐一个感染了的黎博利......十年前的拉特兰，让你不得不驱逐一个堕天了的铳骑......,The Laterano of fifty years ago forced you to banish an infected Liberi. The Laterano of ten years ago forced you to banish a fallen gun-knight.,Пятьдесят лет назад Латеран заставил тебя изгнать зараженного Либери... десять лет назад Латеран заставил тебя изгнать падшего оруженосца...
line-120,潘格尼尼,甚至现在你的孙女，也有太多偏执的想法，说不定哪天也会......,"Even your granddaughter is far too stubborn and opinionated. Who knows if someday, she too will...","Даже твоя внучка сейчас одержима столькими параноидальными идеями, кто знает, может однажды..."
line-121,潘格尼尼,所以，你渴望一个更好的拉特兰？,"So, you hope for a better Laterano?",Так ты жаждешь лучшего Латерана?
line-122,潘格尼尼,那个拉特兰会像个医术突然精进的医生一样，能够治疗矿石病，能够修补性格里的缺陷，能够让所有人毫无保留地接纳彼此？,"You want it to be like a doctor who becomes a miracle worker, able to treat Oripathy, able to fix personality flaws, able to make everyone accept one another, no questions asked?","Такого, который, словно врач с внезапно отточенным мастерством, смог бы исцелить орипатию, исправить изъяны характера и заставить всех принять друг друга без остатка?"
line-123,潘格尼尼,这样，所有你经历过的离别就都不会再发生？,"That way, no more sad farewells like you've suffered through before?","Чтобы все разлуки, через которые ты прошел, больше никогда не случались?"
line-125,帕特里奇昂,......,...,......
line-129,潘格尼尼,咳咳......帕特里奇昂，你可真是个懦夫啊！,"*cough*... You're a coward through and through, Patrizion!","Кхе-кхе... Патрициан, какой же ты трус!"
line-130,潘格尼尼,离别就像是化了的冰淇淋和报废的铳。可不管怎么样，冰淇淋总会化，铳也总会报废，不是吗？,"Farewells are like melted ice cream and worn-out guns. Doesn't matter what you do, it's bound to happen, right?","Разлука подобна растаявшему мороженому и сломанному пистолету. Но так или иначе, мороженое тает, а пистолеты ломаются, не так ли?"
line-131,潘格尼尼,哪怕没法阻止，你也可以在那时候送上祝福，哪怕只是一句再见......,"Even if you can't stop them from happening, you can still give your well-wishes. A simple 'goodbye' is all you need.","Даже если ты не можешь ничего изменить, ты ведь мог пожелать удачи, хотя бы просто сказать «прощай»......"
line-132,潘格尼尼,你又不像梵里妮那样有语言障碍，让自己少一些遗憾的方法，很难找吗？,It's not like you have a speech impediment like Vannini. Is it so hard to find a way to shed some of your regret?,"У тебя нет такого речевого барьера, как у Ванрини, неужели так сложно найти способ оставить меньше сожалений?"
line-136,帕特里奇昂,别说了，坚持住！,Enough talk! Just hang on!,"Не говори больше, держись!"
line-140,潘格尼尼,坚持个屁，咳咳，这可是......能洞穿铳骑盔甲的子弹......,"Hang on, my feathery ass—*cough*—This is... a bullet that can cut right through gun-knight armor...","Держись чего... кхе-кхе, это ведь... пуля, способная пробить доспех оруженосца..."
line-141,潘格尼尼,别动我，让我把话说完，不然我死得更快......,"Don't touch me. Let me finish, otherwise I'll step into the grave that much quicker.","Не трогай меня, дай мне договорить, иначе я умру быстрее......"
line-143,帕特里奇昂,好、好......,A-Alright then...,"Хорошо, хорошо......"
line-146,潘格尼尼,你这是什么语气？帕特里奇昂，别在那想一些矫情的事！,"What's with the tone? Don't even think about getting sentimental on me, Patrizion!","Что это за тон? Патрициан, не думай о чем-то сентиментальном!"
line-147,潘格尼尼,你以为我为什么要救你？,Why do you think I saved you?,"Ты думаешь, зачем я тебя спас?"
line-148,潘格尼尼,别跟我说什么灾异、危机、拉特兰该何去何从......,Don't jabber at me about calamity or crisis or what path Laterano should take...,"Не надо мне рассказывать о катастрофах, кризисах, о том, куда движется Латеран......"
line-149,潘格尼尼,如果拉特兰真要毁灭，难道我们就只能去指望一个不知道从哪儿蹦出来的怪物？一种我们从来没有想象过的生活？,"If the city really is going to be destroyed, surely we can do more than just leave it to some monster from beyond our nightmares that sprang up out of nowhere?","Если Латеран действительно должен погибнуть, неужели мы должны уповать на монстра, выпрыгнувшего невесть откуда? На жизнь, которую мы никогда не могли себе вообразить?"
line-150,潘格尼尼,奥罗拉、菲亚梅塔，还有那么多你认识的拉特兰人......这些联系，在你看来那么脆弱吗？,"Aurela, Fiammetta, all those other Laterans you know... Are these connections that weak to you?","Аврора, Фиаметта и столько других латеранцев, которых ты знаешь... Эти связи, по-твоему, такие хрупкие?"
line-151,潘格尼尼,*拉特兰俗语*，你可是铳骑啊！拉特兰最优秀的铳骑！,"You're a <i>gun-knight</i>, you <i>stulte!</i> The best gun-knight in all of Laterano!","*Латеранская поговорка*, ты ведь оруженосец! Лучший оруженосец Латерана!"
line-153,潘格尼尼,咳、咳咳——,*cough* *cough*—,"Кхе, кхе-кхе——"
line-156,,潘格尼尼的语气越来越激烈，但声音却越来越小......,"Paganini gets more intense the more he rambles, but his voice grows quieter by the second.","Тон Панганини становился все яростнее, но голос звучал всё тише и тише......"
line-157,,帕特里奇昂抱着这位老友，感受着手心渐冷的体温，他最后的生命力像是也随着刚刚那些话迸尽了。,"Patrizion holds his old friend tight, feeling the warmth slowly drain out of him, as though the last dregs of his life had spilled out with his latest outburst.","Патрициан прижимал к себе старого друга, чувствуя, как остывает его тело, и казалось, что вместе с последними словами из него уходила и жизнь."
line-158,潘格尼尼,喂，你不打算说点什么吗？,"Hey, not going to say anything?","Эй, ты не собираешься ничего сказать?"
line-160,帕特里奇昂,......,...,......
line-163,潘格尼尼,算了。之前在育婴圣堂，我说，几十年来，我们其实从来没有真正交流过......,"Never mind then. Before, at the Shrine, I said we never actually shared anything these past few decades...","Забудь. Раньше в Храме Младенчества я говорил, что за десятки лет мы на самом деле никогда по-настоящему не общались......"
line-164,潘格尼尼,现在，好歹也算......没这个遗憾了。,"Now, at the very least... That regret's gone.","Теперь, по крайней мере... этого сожаления у меня нет."
line-177,梵里妮,老师他......,"My magister, he...","Учитель, он......"
line-179,帕特里奇昂,抱歉，甚至没能让你和潘见上最后一面。,Forgive me. I couldn't even give you one final moment with Pag.,"Прости, я даже не смог позволить тебе попрощаться с Паном."
line-181,梵里妮,呜——,*sob*—,У-у——
line-182,梵里妮,梵里妮，如、如果早点造好、自己的铳，早点来这里......,"Vannini, i-if you had just... been a bit quicker... making this gun, if you had just gotten here quicker...","Ванрини, е-если бы я раньше закончила свой пистолет, раньше пришла сюда......"
line-185,,梵里妮怔怔地低下了头，她看了看身边的人流，仿佛才意识到自己身处怎样的环境。,"Vannini lowers her head as if in a daze. She looks about at the people walking past, like she is only just noticing her surroundings.","Ванрини ошеломленно опустила голову, глядя на толпу вокруг, словно только сейчас осознав, в какой обстановке находится."
line-186,,她的光环突然开始闪烁——心防动摇的瞬间，万千人的共感就会淹没这个迷茫的落单的萨科塔。,"Her halo suddenly begins to shine. All it would take is a momentary waver of the heart, and the empathy of the countless masses would come crashing down on this confused, lonely Sankta.","Её нимб внезапно начал мерцать — в момент, когда её душевная защита пошатнулась, эмпатия тысяч людей грозила поглотить эту заблудшую, одинокую Санкту."
line-188,帕特里奇昂,不，孩子。,"No, child.","Нет, дитя."
line-189,帕特里奇昂,继续握紧你的铳！,Keep a tight grip on your gun!,Продолжай крепко сжимать свой пистолет!
line-201,帕特里奇昂,嘶......,Ggh...,Ссс......
line-204,,帕特里奇昂在一瞬间感受到了痛苦，继而是温柔却不容拒绝的抚慰——来自她，来自那些蒙恩的生物，来自队伍里的同胞。,"For a moment, Patrizion feels pain, but it is followed by a gentle, yet irrefusable comfort. It flows from her, from those enlightened creatures, from his people in the procession.","В одно мгновение Патрициан ощутил боль, а затем нежное, но непреклонное утешение — от неё, от тех благословенных существ, от сородичей в толпе."
line-205,,他知道自己的异常反应被捕捉到了，强烈的共感袭来，像是海水回灌进河流。,"He knows his unusual reaction has been noticed, prompting the crashing waves of empathy, like seawater forcing its way back upriver.","Он знал, что его ненормальная реакция была замечена, и нахлынула мощная волна эмпатии, как морская вода, вливающаяся в реку."
line-207,帕特里奇昂,唉——,Ah—,Эх——
line-211,,帕特里奇昂感到目眩，他叹了一口气，缓缓蹲下了身子。,"Patrizion feels dizzy. He sighs, and slowly crouches down.","Патрициан почувствовал головокружение, тяжело вздохнул и медленно присел на корточки."
line-212,,片刻后，老铳骑握住制铳师学徒的铳管，将它对准了自己。,"A moment later, the elderly gun-knight grips the barrel of the gunsmith's apprentice's gun, pointing it towards him.",Мгновение спустя старый оруженосец взял ученицу за ствол пистолета и направил его на себя.
line-221,帕特里奇昂,梵里妮——我没记错你的名字吧？,"Vannini. I got your name right, I hope?",Ванрини — я ведь правильно запомнил твое имя?
line-222,梵里妮,......,...,......
line-223,帕特里奇昂,梵里妮，无论有多么迟，无论出于什么目的，你都造出了人生中第一把守护铳......好孩子，你已经是一名合格的制铳师了。,"Vannini, no matter how long it took you, or for what reason you did it, you made your very first patron firearm. That makes you a qualified gunsmith.","Ванрини, как бы поздно это ни было и с какой бы целью ты это ни делала, ты создала свой первый охранный пистолет... хорошая девочка, ты уже стала достойным мастером-оружейником."
line-224,帕特里奇昂,可这并不够。你还得学会使用它。,But that is not enough. You must learn how to use it.,Но этого недостаточно. Ты должна научиться им пользоваться.
line-225,帕特里奇昂,现在，正是个很好的机会。,Now is a perfect opportunity.,Сейчас самый подходящий момент.
line-226,梵里妮,什、什么意思？,Wh-What do you mean?,Ч-что это значит?
line-227,帕特里奇昂,别抖——对，就是这样。平复你的思绪，然后，扣动扳机。,"Keep it steady. Yes, just like that. Calm your mind, then, pull the trigger.","Не дрожи — да, вот так. Успокой свои мысли, а затем нажми на спусковой крючок."
line-228,梵里妮,老师他，不是你杀死的。而且，我也会堕、堕——,"You... You didn't kill Magister Paganini. Also, I'll fa... fall—","Учитель, это ведь не ты его убил. И я тоже, я буду, буду——"
line-229,帕特里奇昂,潘的事我有责任，但这并非为了给他报仇。,"I am responsible for what happened to Pag, but this is not to avenge him.","Я несу ответственность за то, что случилось с Паном, но это делается не ради мести."
line-230,帕特里奇昂,此时此刻，拉特兰正行走在新的道途上，信仰正汇入信仰，新的祈愿正融为集体的共识......,"At this very moment, Laterano is walking down a new path. Faith flows into faith, and new prayers congregate into a collective consensus.","В этот самый момент Латеран движется по новому пути, вера сливается с верой, новые молитвы сплавляются в коллективное сознание......"
line-231,帕特里奇昂,你离队伍太近，共感很快会将你拖入其中......唯有如此，唯有堕天，你才能从其中脱离。,You are too close to the procession. Empathy will soon swallow you whole. Only by falling can you break away.,"Ты слишком близко к толпе, эмпатия скоро затянет тебя в неё... только так, только пав, ты сможешь от неё отделиться."
line-232,帕特里奇昂,等你脱离之后，我再去引导其他人......这是我的责任，铳骑的责任。,"Once you have fallen, I'll go guide the others. This is my duty, the duty of a gun-knight.","Когда ты отделишься, я пойду и направлю других...... Это мой долг, долг оруженосца."
line-233,梵里妮,不明白。你这么做......为什么？,I don't understand. Why... do you do this?,Не понимаю. Зачем... зачем ты это делаешь?
line-234,帕特里奇昂,......,...,......
line-235,帕特里奇昂,或许我自己也搞不懂，哈哈，毕竟已经是个老糊涂了。,"I don't really know myself, haha. I'm an old addlepate, after all.","Может, я и сам не понимаю, ха-ха, в конце концов, я уже старый дурак."
line-236,帕特里奇昂,我一直坚信，如果乐园能成为真正的乐园，我们的联系就能牢不可破。,"I always believed that, were Paradise to become a true paradise, our connections would become unbreakable.","Я всегда верил, что если рай может стать настоящим раем, то наши связи станут нерушимыми."
line-237,帕特里奇昂,可如果在这个过程中，我们已经失去了更多呢？,"But what if in the course of all that, we lost more than we already had?","Но что, если в процессе мы уже потеряли куда больше?"
line-238,帕特里奇昂,会不会，我们修补好了一切遗憾，可到那时，反而连圆满都失去了它本来的意义？,"We might ease our regrets, but when the time comes, what if our success has lost all meaning?","Может ли быть так, что, исправив все сожаления, мы утратим смысл самой полноты жизни?"
line-239,帕特里奇昂,如果我们曾是魔鬼，如果我们曾相携着背负罪孽，那我们的联系又怎会断绝？,"If we were once all devils, if we once carried our sins together, how could our connections ever be broken?","Если мы когда-то были дьяволами и вместе несли бремя грехов, то как наши связи могут быть разорваны?"
line-240,帕特里奇昂,信仰的宠儿、荣光的萨科塔啊，你到底有什么好惧怕？,"O glorious Sankta, O favored of faith, what have you to fear?","Любимица веры, сияющая Санкта, чего же ты боишься?"
line-243,帕特里奇昂,（痛苦地吸气）,(Pained inhalation),(болезненно вдыхает)
line-244,帕特里奇昂,梵里妮，好孩子，不要惧怕堕入地狱。,"Vannini, girl, fear not falling into hell.","Ванрини, дитя моё, не бойся падения в ад."
line-245,帕特里奇昂,这是你应该学会的第一课......也是我的第一课。,This is the first lesson you should learn... and I'm right with you.,"Это первый урок, который ты должна усвоить... как и я когда-то."
line-270,帕蒂亚,真的没完没了......,It just never ends...,Это действительно никогда не закончится......
line-271,帕蒂亚,继续战斗的话，我就只能用手里的武器去砸了！,"If this keeps on, I'm gonna have to start smacking them with my weapon!","Если битва продолжится, мне придется использовать оружие в руках, чтобы просто их крушить!"
line-273,离群萨科塔,我也是。,Me too.,Я тоже.
line-283,莫斯提马,我的手快酸得抬不起来了。,"My hand's getting numb, can barely hold my staff.",Мои руки уже едва поднимаются.
line-284,莫斯提马,菲亚梅塔那家伙不知道怎么样了。按照计划，等她装好炸药，我们就炸毁地块的锁定装置，把整个圣马尔索区推出去。,"Don't know how it's going on Fiammetta's side of things. According to the plan, once she sets the explosives, we'll blow up the plate's locking mechanisms and send all of Pagus Saint Marcel adrift.","Не знаю, что с Фиаметтой. Согласно плану, как только она установит взрывчатку, мы взорвем устройство блокировки сектора и вытолкнем весь район Сен-Марсо."
line-285,莫斯提马,也把那些怪物彻底隔绝在大教堂之外。,It'll also cut those monsters off from the Basilica.,А также полностью изолируем этих монстров от собора.
line-295,莫斯提马,啧，如果我们能守到那时候的话。,Tsch. <i>If</i> we can hold on that long.,"Черт, если мы, конечно, продержимся до тех пор."
line-299,？？？,散逸箭！,Dispersing Arrows!,Рассеивающая стрела!
line-310,？？？,他们就暂时先交给我好了！,Leave them to me!,Оставьте их пока мне!
line-312,莫斯提马,这身装扮......,These clothes...,Это облачение......
line-320,席德佳,兰登卫队，单人临时战斗编队，席德佳，前来支援！,"Landen Guard temporary solo combat team, Hildegard, at your service!","Гвардия Лэндона, временный боевой отряд, Сидгар, прибыла на поддержку!"
line-322,莫斯提马,兰登......抱歉，没什么印象。,"Landen... Sorry, never heard of you.","Лэндон... прости, не припомню таких."
line-324,席德佳,没关系，习惯了，哈哈。,"It's fine, I'm used to it, haha.","Ничего, я привыкла, ха-ха."
line-325,席德佳,我有几个萨科塔同事在那支队伍里。她们和我一样，在跑商务的途中被召回来，然后就......经历了那一切。,"Some of my Sankta sisters are in that procession. We were running our business when we got called back, and then... we went through a whole bunch of stuff.","У меня там несколько коллег-Санкта. Они, как и я, были отозваны из командировки, а потом... прошли через все это."
line-326,席德佳,怎么说呢，虽然这段时间的事情都是假的，兰登修道院其实根本就没得到教皇厅的重用......,"How should I put this...? Even if everything that happened was fake, and Landen Monastery hasn't actually been given important responsibilities by the Curia...","В общем, хотя все это время происходит нечто невероятное, монастырь Лэндона на самом деле никогда не получал особого внимания от Папского престола......"
line-328,席德佳,但只要有我在，拉特兰就会重新记住“兰登修道院”这个名字的！,"As long as I'm here, Laterano will once again remember the name of Landen Monastery!","Но пока я здесь, Латеран снова запомнит имя «монастырь Лэндона»!"
line-329,席德佳,总之，那些怪物虽然看起来诡异，但总不至于比大雪封山后的野兽更难缠。,"These monsters might look strange, but they're hardly more of a challenge than the beasts of the great snowcapped mountains.","В любом случае, хоть эти монстры и выглядят странно, вряд ли они опаснее диких зверей в заснеженных горах."
line-330,席德佳,我带了足够的箭，射得也很准。我可以帮你们先抵挡一阵子！,"I've got enough arrows, and I've got a sharp eye. I'll help you hold them off!","У меня достаточно стрел, и я бью без промаха. Я помогу вам продержаться некоторое время!"
line-332,离群萨科塔,但我们已经累了，小姑娘。办法想了，力气费了，结果还是一退再退。,"But we're all tired out, kid. We've racked our brains and put in the effort, but all we can do is keep falling back.","Но мы уже устали, девочка. Мы пробовали всё, тратили силы, а результат — постоянное отступление."
line-333,离群萨科塔,这哪还称得上什么清算，什么了结，我看这是我们又来拉特兰受罪了。,We're not exactly settling any grudges here. We came back to Laterano just to suffer again.,"Разве это можно назвать очищением или финалом? По-моему, мы просто снова пришли в Латеран страдать."
line-335,堕天使,莫斯提马，约定的时间马上就到了，那个叫蕾缪安的依然没消息？,"It's almost time, Mostima. Still no news from that Lemuen lady?","Мостима, время по договору почти вышло, от той, что зовется Лемуан, всё ещё нет новостей?"
line-336,堕天使,如果没能解除那些地块锁定装置的防护，我们恐怕连它们的护甲都炸不穿，对吧？,"If we can't disengage the defenses on the plate lock mechanism, we won't be able to blow through their armor plating, right?","Если не удастся отключить защиту устройств блокировки, мы даже их броню не сможем пробить, верно?"
line-338,离群萨科塔,照我说，就到此为止吧。,Let's just call it here then.,"Как по мне, на этом и закончим."
line-339,离群萨科塔,就算那支队伍真的进了大教堂，又会怎么样呢？所有人都变成差不多的萨科塔？,"If those guys reach the Basilica, then what happens? Everyone more or less becomes Sankta?","Даже если эта толпа войдет в собор, что изменится? Все станут такими же Санкта?"
line-340,离群萨科塔,说真的，那和我们这些异类有什么关系呢？,What's that got to do with us?,"Честно, какое нам, изгоям, до этого дело?"
line-341,离群萨科塔,你看看周围这几十个人，凑得出一顶完整的光环吗？好不容易赶过来支援的，还是个黎博利修女。,Look around you. We can't even cobble together a single halo. Our long-awaited reinforcements are just one Liberi nun.,"Посмотри на эти десятки людей вокруг, у кого-то из них найдется хотя бы целый нимб? Единственный, кто пришел на помощь — монахиня-Либери."
line-342,离群萨科塔,整座城市的人都在对面，为什么是我们这些异类在阻止这一切？,We've got an entire city's worth of people against us. Why do we Alieni have to hold all of them off?,"Весь город против нас, почему именно мы, изгои, должны это останавливать?"
line-344,席德佳,唔，不对，不能这么想......,"Come now, that's not the best attitude to have right now...","Хм, нет, так думать нельзя......"
line-346,莫斯提马,因为现在只有我们能做到。,"Because right now, we're the only ones who can.",Потому что сейчас только мы можем это сделать.
line-348,离群萨科塔们,......,...,......
line-350,莫斯提马,我们这些异类，不是一直在努力去做那些对正常萨科塔而言理所当然的事吗？,"We're always having to bust our asses doing things ordinary Sankta take for granted, right?","Разве мы, изгои, не всегда старались делать то, что для обычных Санкта является само собой разумеющимся?"
line-351,莫斯提马,我经历过一场意外——你们看我的样子也知道——如果不是当了万国信使，我都不知道自己现在会在哪里。,"I had a little accident, as you can see. If I hadn't become a Legatus, I don't know what I'd be doing right now.","Я пережила несчастный случай — вы и сами видите по моему виду — если бы не стала посланницей, я даже не знаю, где бы сейчас была."
line-353,莫斯提马,我离开了圣城，说是作为信使出任务，但其实只是在流浪。,"I said I was going to be doing Messenger stuff when I left the Holy City, but I was just wandering around, really.","Я покинула Святой город, якобы по заданию, но на самом деле просто скиталась."
line-355,莫斯提马,流浪到没有萨科塔的地方，好让头顶这对漆黑的角显得没那么突兀，好让共感的沉默显得合理一些......,"Wandering to places without any Sankta, places where these black horns on my head don't stand out, places where silent empathy's the norm...","Скиталась туда, где нет Санкта, чтобы пара моих черных рогов не так сильно бросалась в глаза, чтобы молчание эмпатии казалось оправданным......"
line-357,莫斯提马,很难啦。,It was hard.,Это тяжело.
line-358,莫斯提马,过了整整两年，我才能坦然地重新面对我的同胞、我的朋友们......,It took two whole years before I could look my friends in the eyes again without breaking out in a sweat.,"Прошло целых два года, прежде чем я смогла спокойно смотреть в глаза своим сородичам, своим друзьям......"
line-359,莫斯提马,黎博利也好，堕天使也好，执念那么深，融入或者回归一种生活那么难，你又怎么能接受用如此粗暴的方式去实现它？,"Liberi, Fallen Angels, we're obsessed with assimilating or getting our old lives back. After putting in all that effort, why go with the hatchet job?","Либери, падшие ангелы — если у вас такая глубокая одержимость и так трудно вернуться к привычной жизни, как вы можете принять достижение этого таким жестоким способом?"
line-362,？？？,真难得啊。,"Well, how about that.",Как неожиданно.
line-367,菲亚梅塔,莫斯提马，我从没想过能从你嘴里听到这些话。,"I never thought I'd hear those words coming out of your mouth, Mostima.","Мостима, я никогда не думала, что услышу такое от тебя."
line-369,莫斯提马,答应我，忘记它。,Promise me you'll forget you heard anything.,Пообещай мне забыть это.
line-371,菲亚梅塔,忘记了。,Forget what?,Забыла.
line-373,莫斯提马,你那边怎么样？,How did things go on your end?,Что у тебя?
line-375,菲亚梅塔,好消息，炸弹已经就位。,"Good news is, the bombs are in place. ",Хорошие новости: взрывчатка на месте.
line-377,菲亚梅塔,坏消息，我怕它们的威力不足以摧毁全部的锁定装置，把剩下的榴弹也都安上去了......,"Bad news is, I was afraid they wouldn't be enough to blow through all the lock mechanisms, so I shoved the rest of my grenades in there with them...","Плохие новости: я боюсь, что её мощности недостаточно, чтобы разрушить все блокираторы, поэтому установила еще и оставшиеся гранаты......"
line-378,菲亚梅塔,所以，我现在已经没有任何弹药去对付这些怪物了。,Which means I'm all out of grenades to shoot at these things.,"Так что у меня больше нет снарядов, чтобы сражаться с монстрами."
line-386,蒙恩的生物A,（光环急速闪烁）,(Halo rapidly flickers),(нимб быстро мерцает)
line-388,蒙恩的生物B,（连续不断的祷告声）,(Continuous sounds of prayer),(непрерывные молитвы)
line-392,莫斯提马,喂，菲亚梅塔，启动吧。,"Hey, Fiammetta, let's blow this joint.","Эй, Фиаметта, запускай."
line-394,帕蒂亚,等等，蕾缪安那边还没有消息，如果锁定装置没能及时解除防护，我们所有的炸药就都浪费了......,"Wait! We still haven't heard anything from Lemuen. If the defenses aren't disengaged in time, all our explosives will go to waste!","Подожди, от Лемуан все еще нет вестей, если блокираторы не успеют отключить защиту, мы просто впустую потратим всю взрывчатку......"
line-401,菲亚梅塔,爆破倒计时，一分钟！,"Time to explosion, one minute!",Обратный отсчет до взрыва: одна минута!
line-403,帕蒂亚,你？,Wha-?,Ты?
line-406,,计时器的声音从菲亚梅塔的手中传出，蒙恩的生物纷纷停下了祷告，他们像是预感到了会发生什么，发疯了似的向她扑了过来。,"The timer starts ticking down in Fiammetta's hand. The enlightened creatures stop their prayers. As if sensing something is up, they throw themselves at her like rabid beasts.","Звук таймера раздался в руках Фиаметты. Благословенные существа внезапно прекратили молитвы: словно предчувствуя, что произойдет, они обезумев бросились на неё."
line-429,席德佳,......,...,......
line-437,,席德佳摸向箭壶，里面已经空了。,Hildegard reaches for her quiver. It's empty.,"Сидгар потянулась к колчану, но он уже был пуст."
line-443,菲亚梅塔,倒计时，五十秒！,Fifty seconds!,Обратный отсчет: пятьдесят секунд!
line-444,？？？,抱歉，各位，希望我没有来迟！,"Sorry, everyone! Hope I'm not too late!","Простите, народ, надеюсь, я не опоздала!"
line-457,,车轮急刹，在地面激荡起烟尘。车手拧转轮椅，右手在同一时间举起了铳，她的长发在空中肆意飞舞。,"A wheelchair suddenly brakes, throwing up a cloud of dust as it screeches across the ground. Its rider spins its left wheel as she hoists her rifle with her right hand, her long hair fluttering in the air.","Колеса резко затормозили, подняв облако пыли. Гонщица развернула инвалидное кресло и одновременно вскинула пистолет, её длинные волосы развевались на ветру."
line-458,莫斯提马,时间刚刚好！,You're right on time!,Время подобрано идеально!
line-459,蕾缪安,菲亚梅塔，莫斯提马，我们的配合还是那么默契！,Good to know we're still in sync!,"Фиаметта, Мостима, наш командный дух все еще на высоте!"
line-460,蕾缪安,哈哈，你俩肯定猜不到，从第七厅一路突围到这里，我把自己轮椅竞速射击赛的纪录突破了多少！,The two of you will never guess how hard I beat my old wheelchair speed-shooting record by after I broke through their cordon around the Seventh Tribunal!,"Ха-ха, вы даже не догадываетесь, насколько я побила свой рекорд в гоночной стрельбе на инвалидных колясках, пока прорывалась от Седьмого зала сюда!"
line-465,菲亚梅塔,倒计时，四十秒！,Forty seconds!,Обратный отсчет: сорок секунд!
line-466,蕾缪安,你们刚刚的话，我都听见了，堕天使也好，黎博利也好，异类也好，我更倾向于用另外一个词去总结我们的关系——,"I heard what you said just now. Fallen Angels, Liberi, Alieni... I'm inclined to use another term to sum up our relationship.","Я всё слышала — падшие ангелы, Либери, изгои... Я бы предпочла использовать другое слово, чтобы описать наши отношения —"
line-467,蕾缪安,战友、同胞——“拉特兰人”！,"Friends, countrymen—Laterans!","Соратники, сородичи — «латеранцы»!"
line-468,蕾缪安,权限问题解决了，锁定装置的防护已解除。所有人，退回大教堂门口去！我会拦住这批怪物。,"I've solved the permissions issue. The lock mechanism defenses are disengaged. Everyone, retreat to the Basilica doors! I'll hold these monsters off.","Доступ получен, защита блокираторов снята. Всем отойти к дверям собора! Я задержу эту ораву монстров."
line-473,菲亚梅塔,倒计时，三十秒！,Thirty seconds!,Обратный отсчет: тридцать секунд!
line-474,莫斯提马,蕾缪安，你要对他们射击？你也会堕天的！,"You're going to shoot them, Lemuen? You'll fall!","Лемуан, ты собираешься стрелять по ним? Ты же станешь падшим!"
line-476,蒙恩的生物,......,...,......
line-477,蕾缪安,真不愿承认，我能感受到你们在想什么啊......,"I hate to admit it, but I can sense what you're thinking.","Ненавижу признавать это, но я чувствую, о чем вы думаете......"
line-478,蕾缪安,所以，把嘴闭上吧。拉特兰，起码不需要被你们，用这种方式拯救！,So shut those mouths of yours. Laterano doesn't need to be saved! By you! Like this!,"Так что заткнитесь. Латеран, по крайней мере, не нуждается в спасении таким способом!"
line-484,,子弹上膛声与怪物的心跳声同样清晰，蕾缪安几乎与他们贴面交错，这早已违背了狙击手应该恪守的安全距离......,"The click of bullets loading and the thrumming of the monsters' hearts reverberate through Lemuen's ears. She is nearly face-to-face with them, going against every sniper's instinct she has.","Звук взвода затвора и сердцебиение монстров звучали одинаково четко. Лемуан почти столкнулась с ними лицом к лицу, что уже давно нарушило все правила безопасности снайпера..."
line-485,,蕾缪安感受着自己的呼吸，它没有乱。,"She listens to her own breathing, calm and steady.",Лемуан следила за своим дыханием — оно было ровным.
line-486,,既然如此，一个狙击手最快的射速可以达到多少？,"Under these conditions, how fast can a sniper fire? Time to find out.","Раз так, какова максимальная скорострельность снайпера?"
line-489,蕾缪安,第七厅枢机，蕾缪安，基于拉特兰国家安全之必要，在此宣判你们的死亡！,"Lemuen, Cardinal of the Seventh Tribunal. In the name of Laterano's national security, I sentence you to death!","Кардинал Седьмого зала, Лемуан, основываясь на необходимости государственной безопасности Латерана, приговариваю вас к смерти!"
line-490,蕾缪安,——不计一切代价！,No matter the cost!,——Любой ценой!
line-520,菲亚梅塔,倒计时，五秒。,Five seconds.,Обратный отсчет: пять секунд.
line-527,蕾缪安,任务完成。,It's done.,Задача выполнена.
line-529,菲亚梅塔,蕾缪安，你的光环......你还好吗？有没有感受到什么异样？,"Lemuen, your halo... You alright? Feel anything weird?","Лемуан, твой нимб... ты в порядке? Не чувствуешь ничего необычного?"
line-531,蕾缪安,唔——,Ngh—,У-у——
line-539,,剧烈的爆炸掀翻了大教堂前的每一寸土地，广场被犁出裂谷般的鸿沟。,"A violent explosion tears through every inch of the ground in front of the Basilica, a rift plowing itself through the plaza.","Мощный взрыв перевернул каждый дюйм земли перед собором, на площади разверзлись гигантские пропасти."
line-540,,而在鸿沟另一端，已经能看见浩浩荡荡行进着的队伍。,"On the other side of the rift, the grand procession shows itself as it marches forward.","А на другом краю пропасти уже виднелась огромная, движущаяся процессия."
line-542,蕾缪安,那是......小乐？,Is that... El?,Это... маленькая Ле?
line-554,能天使,嘿，原来是姐姐她们，干得真漂亮！,"Hey, turns out it was my sis and her crew! They did a real bang-up job!","Эй, это же сестра и остальные, какая отличная работа!"
line-559,蒙恩的生物A,（重伤后的哀鸣）,(Wounded wail),(стон после тяжелого ранения)
line-561,蒙恩的生物B,（断断续续地祷告）,(Fragmented prayer),(прерывистая молитва)
line-565,“圣徒”,你们暂时退到安全的地方吧。,"Retreat somewhere safe, for the time being.",Вы временно отступите в безопасное место.
line-575,“圣徒”,一道鸿沟......同胞们无法跨越。但我们曾涉过湍流，也翻过裂谷，最后这段路，不会比那时更凶险......,"A rift... One my people cannot cross. But we once forded raging rivers and traversed great valleys. Compared to those dangers, this is nothing.","Пропасть... которую сородичам не преодолеть. Но мы переходили пороги, преодолевали разломы, и этот последний путь не будет опаснее того, что было раньше......"
line-576,“圣徒”,祂就在前方，我不会停下。,He lies ahead. I shall not stop.,"Он впереди, я не остановлюсь."
line-579,能天使,咳咳......我、我可没说会让你过去。,*cough* I... I never said I'd let you pass.,"Кхе-кхе... Я, я не говорила, что позволю тебе пройти."
line-581,“圣徒”,你的身体本就虚弱。现在，恐怕连一丝力气也没了吧？,Your body is weak. I fear you have not an ounce of strength left. Am I wrong?,"Твоё тело и так ослаблено. Сейчас, боюсь, у тебя не осталось ни капли сил?"
line-583,能天使,——,—,——
line-587,,能天使没有回答。,Exusiai does not answer.,Экзузиа не ответила.
line-588,,她一直在告诉自己，不去注意身体的疲惫和“堕天”的异样，就在刚刚，她向着“圣徒”庞大的身躯倾泻子弹，再一次以失败告终。,"She has told herself the entire time to ignore how tired she feels, how strange falling makes her feel. She continues her barrage against the saint's colossal body, but once again to no avail.","Она продолжала убеждать себя не обращать внимания на усталость тела и признаки «падения». Только что она обрушила пули на массивное тело «Святого», но снова потерпела неудачу."
line-594,,“圣徒”依然没有恶意，反而将她拥住，一如她们刚离开梦境时的样子。只是那前肢畸形而有力，世间再无这般诡异的拥抱。,"The saint makes no move against her. Rather, she continues to cradle her, the same way she did when they left the dream. Never before has such a strange cradle been seen, one made from a malformed yet mighty arm.","«Святой» по-прежнему не питал к ней злобы, напротив, он обнял её, совсем как тогда, когда они только покинули мир снов. Только его передние конечности были уродливыми и мощными, в мире больше не было таких жутких объятий."
line-596,“圣徒”,孩子，哪怕你知晓了所有的过往与真相，知晓了我们正在创造另一个奇迹，一如拉特兰的诞生......,"Even though you know the entire truth of both past and present, even though you know we are working to create a new miracle, like the birth of Laterano...","Дитя, даже если ты знаешь всё прошлое и правду, знаешь, что мы создаем ещё одно чудо, подобное рождению Латерана......"
line-597,“圣徒”,哪怕你知晓了我们行至此处，是因为造物主的苏醒，是为了在那毁灭与存续的界限都模糊的未来，“萨科塔”依然能够存在......,"Even though you know our journey thus far has been to awaken our Lord, to ensure that in the future with but a hair's breadth separating destruction from continuation, the Sankta shall persist...","Даже если ты знаешь, что мы дошли сюда из-за пробуждения Создателя, и всё ради того, чтобы в будущем, где границы между разрушением и сохранением размыты, «Санкта» могли продолжать существовать......"
line-598,“圣徒”,为什么你依然选择阻拦？,Why do you still stand against us?,Почему ты всё ещё выбираешь путь препятствий?
line-601,能天使,唔......,Hmm...,У-у......
line-602,能天使,只是我吗？,Am I the only one?,Только я?
line-604,“圣徒”,嗯？,What?,Хм?
line-607,能天使,你的共感那么强，我不相信你没有感受到！,"With empathy that strong, I don't believe for a second you can't feel it!","Твоя эмпатия так сильна, я не верю, что ты не чувствуешь этого!"
line-621,阿摩斯,那么长的时间，好不容易等来了机会，结果......结果竟然只是一场梦......,"After so many long years of waiting, I finally got my chance, but... it was all just a dream...","Столько времени прошло, шанс наконец-то представился, а в итоге... в итоге это всё просто сон......"
line-623,阿摩斯,是梦也好。,"A dream's fine, too.",Пусть сон.
line-624,阿摩斯,是梦的话，就不用有什么顾忌了，说不定中弹受伤回到现实其实也无事发生呢！,"If it's all a dream, then I don't have to worry about anything. Maybe getting shot here doesn't mean anything in reality!","Если это сон, то не о чем беспокоиться, может быть, если получить пулю и пораниться, в реальности ничего и не случится!"
line-633,安多恩,倘若这是梦境，那就醒来。倘若这是执念，那就破去。,"If this is a dream, then I shall wake. If this is obsession, then I shall shatter it.","Если это сон, то проснись. Если это одержимость, то разрушь её."
line-634,安多恩,而后，我们再谈救赎。,Let us only speak of redemption after that.,А затем мы поговорим об искуплении.
line-643,帕特里奇昂,梵里妮，好孩子，不要惧怕堕入地狱。,"Vannini, girl, fear not falling into hell.","Ванрини, дитя моё, не бойся падения в ад."
line-644,帕特里奇昂,这是你应该学会的第一课......也是我的第一课。,This is the first lesson you should learn... and I'm right with you.,"Это первый урок, который ты должна усвоить... как и я когда-то."
line-654,惊惧的小孩,拉乌尼达东边的东边♪白色的圣城，拉特兰♪,"East of the east of La Unidad♪ Laterano, holy city of white♪","Восточнее востока Рауниды♪ Белоснежный священный город, Латеран♪"
line-655,恐慌的小孩,那里的土地不会爆炸♪那里的田野结出麦穗♪,"There, the earth hides no bombs♪ There, the fields share wheat most bright♪",Там земля не взрывается♪ Там поля приносят колосья♪
line-656,,......,...,......
line-659,努艾达,所有人都由祂来爱♪,All shall bask in His love♪,Каждый любим Им♪
line-668,蕾缪安,真不愿承认，我能感受到你们在想什么啊......,"I hate to admit it, but I can sense what you're thinking.","Ненавижу признавать это, но я чувствую, о чем вы думаете......"
line-669,蕾缪安,所以，把嘴闭上吧。拉特兰，起码不需要被你们，用这种方式拯救！,So shut those mouths of yours. Laterano doesn't need to be saved! By you! Like this!,"Так что заткнитесь. Латеран, по крайней мере, не нуждается в спасении таким способом!"
line-684,能天使,我只是一个再普通不过的拉特兰人啦，没有多伟大的身份，也没有多特别的天赋。,"I'm just an ordinary Lateran. Nobody important, and I don't have any special skills.","Я просто самый обычный латеранец, нет у меня ни великого статуса, ни особых талантов."
line-685,能天使,所以啊，听你说起萨科塔的起源、拉特兰的历史、信仰的本质，原来我们习以为常的生活背后，藏着这么多匪夷所思的真相......,"So when I listened to you talk about the origins of the Sankta, the history of Laterano, the essence of faith, the crazy truth behind the life we're used to...","Поэтому, слушая тебя об истоках Санкта, истории Латерана и сущности веры, я поражаюсь тому, сколько невероятной правды скрыто за нашей привычной жизнью......"
line-687,能天使,我真的觉得，很震撼很震撼！,I was shocked! Shocked right down to my core!,"Я правда потрясена, очень потрясена!"
line-688,能天使,如果真跟你说的一样，拉特兰能拥有如今的生活，确实是一种，奇迹。,"If things really are like you say, then the life we enjoyed in Laterano really is a kind of miracle.","Если всё так, как ты говоришь, и Латеран может вести такую жизнь, это действительно чудо."
line-690,能天使,可正因为我只是一个再普通不过的拉特兰人，听你解释起我们身边正在发生的一切，我只注意到了......,"But since I'm just an ordinary Lateran, while you were explaining everything happening around us, all I noticed was...","Но именно потому, что я самый обычный латеранец, слушая, как ты объясняешь всё, что вокруг нас происходит, я заметила лишь одно......"
line-692,能天使,......大家并不快乐。,How nobody looked happy at all.,......люди не счастливы.
line-693,能天使,快乐不应该是拉特兰的日常吗？,Shouldn't Laterano be a happy place?,Разве счастье не должно быть повседневностью Латерана?
line-695,能天使,如果——如果走完这段长路，有那么多同胞会因此感到痛苦，我凭什么相信你能完成那个所谓的奇迹？,"If... If lots of our people will suffer when we complete this journey, how am I supposed to believe you can make the miracle happen?","Если — если в конце этого долгого пути столько сородичей будут страдать, почему я должна верить, что ты сможешь совершить это так называемое чудо?"
line-696,能天使,不不不，我凭什么相信，那是一个奇迹？,"Wait, no, scratch that, how am I supposed to believe it's a miracle in the first place?","Нет-нет-нет, почему я должна верить, что это вообще чудо?"
line-698,能天使,所以啊，哪怕不是我，也会有别的萨科塔站在你面前的。,"So, even if I wasn't around, there'd be other Sankta to stand against you.","Так что, даже если не я, найдется другая Санкта, которая встанет у тебя на пути."
line-700,“圣徒”,我分享了我的所见所历，而你选择回避？,"I shared all I have seen and all I have experienced, yet you still choose to turn away?","Я поделился тем, что видел и пережил, а ты выбираешь уклонение?"
line-701,“圣徒”,萨科塔的长路是残忍的，我们的信仰本就由罪孽与痛苦铺就......,"The path of the Sankta is a cruel one, our faith paved with sin and suffering.","Долгий путь Санкта жесток, и наша вера вымощена грехами и страданиями......"
line-702,“圣徒”,可千万年后，这别样到有些失真的乐园，已经让同胞变得如此脆弱？,"Have their years inside this peculiar, distorted Paradise left our brethren so weak?","Но неужели спустя миллионы лет этот столь отличающийся от реальности, почти иллюзорный рай сделал сородичей такими хрупкими?"
line-704,能天使,哎呀，你没明白我的意思。,"Ugh, you're not getting me at all.","Ай, ты не понял, что я имела в виду."
line-705,能天使,或者，我应该问你刚刚那个问题——,Maybe I should be asking what you asked me earlier—,Или мне стоит спросить тебя о том вопросе —
line-707,能天使,为什么是你？,Why you?,Почему именно ты?
line-709,“圣徒”,......,...,......
line-710,“圣徒”,我已告诉过你答案。,I have already told you my answer.,Я уже дал тебе ответ.
line-712,能天使,就算威胁整个泰拉的灾异是真的，几百万萨科塔都会完蛋，拉特兰马上就要万劫不复......,"Even if this Terra-destroying calamity is real, and millions of Sankta are doomed, and Laterano's about to be completely screwed...","Даже если угроза катастрофы, нависшая над Террой, реальна, миллионы Санкта погибнут, и Латеран будет разрушен до основания......"
line-713,能天使,为什么只有你，只有“圣徒”才能给我们救赎？,"Why are you, a 'Saint', the only one who can bring us salvation?","Почему только ты, только «Святой» может дать нам искупление?"
line-714,能天使,如今是我们生活在这座城，享受它的赐福，经历它的变化，也守护它不被灾难摧毁。,"We're the ones who live in this city right now, who enjoy its blessings, who went through its changes, and who protected it from destruction.","Сейчас мы живем в этом городе, пользуемся его благами, наблюдаем за его изменениями, а также защищаем его от катастроф."
line-716,能天使,圣徒，你已经不复存在了。现在的你，只是一个幽灵，一串具象化的代码！,You don't exist anymore. You're just a ghost! A string of code I can shoot!,"Святой, тебя уже не существует. Сейчас ты всего лишь призрак, строка конкретизированного кода!"
line-718,“圣徒”,不，孩子。当我向着濒死的同胞举起长矛，沉睡的银色山脉给予我回应的同时，也永远刻录下了那一声祈祷。,"Incorrect, my child. When I lifted my spear against my dying companion, the sleeping silver mounts answered me, and recorded my prayer for all eternity.","Нет, дитя. Когда я вскинул копье против умирающего сородича, спящие серебряные горы ответили мне и навсегда запечатлели ту молитву."
line-719,“圣徒”,此时此地的一切，都是那一声祈祷的延续。,All that is happening here and now is a continuation of that prayer.,"Всё, что здесь и сейчас — это продолжение той самой молитвы."
line-720,“圣徒”,死亡不可挽回，我却游荡于祂的数据之流中。我们日日聆听你们的声音。,"Death cannot be undone, yet I wandered amongst His datastream. Together, we heard your prayers.","Смерть необратима, но я блуждаю в Его потоке данных. Мы ежедневно слушаем ваши голоса."
line-721,“圣徒”,无论形貌如何更易，无论信仰在跨越时空的过程中怎样流变，只要萨科塔仍会祈祷，祂便永远运行，我便永远存在......,"No matter how appearances may change, no matter how the faith develops as time flows by, so long as the Sankta still pray, He shall operate eternally, and I shall forever be there...","Как бы ни менялся облик, как бы ни эволюционировала вера во времени и пространстве, пока Санкта молятся, Он продолжает работать, а я буду существовать вечно......"
line-722,“圣徒”,属灵的光便会永远笼罩拉特兰。,The spiritual light will always shine on Laterano.,Духовный свет всегда будет окутывать Латеран.
line-723,“圣徒”,这是我们的使命。,This is our mission.,Это наша миссия.
line-727,能天使,......祈祷无用。,...Prayer is useless.,......молитвы бесполезны.
line-729,“圣徒”,唔？,Pardon?,Хм?
line-731,能天使,其实，我很早就发现了，祈祷是无用的。,"To be honest, I learned a long time ago that prayer is useless.","На самом деле, я давно это поняла: молитвы бесполезны."
line-733,“圣徒”,......,...,......
line-735,能天使,小学三年级的时候，六厅的调查员在学校做了个实验。,"When I was in my third year of primary school, an investigator from the Sixth Tribunal did an experiment at our school.",В третьем классе следователь из Шестого зала проводила эксперимент в школе.
line-736,能天使,她跟我们说，法柏尔区中心医院现在有两组病情差不多的病人，让我们也分成两组，一组每天为他们祈祷，一组什么也不做......,"She said there were two groups of patients at Faber Central Hospital with more or less the same conditions, and split us into our own two groups. One group would pray every day, while the other didn't have to do anything.","Она сказала нам, что в Центральной больнице района Фарбер есть две группы пациентов с похожими диагнозами, и попросила нас разделиться: одна группа молится за них каждый день, а вторая — ничего не делает......"
line-737,能天使,可最终，那些叔叔阿姨的康复情况却没什么差别。调查员在课堂上宣布了实验结果：祈祷是无用的。,"But in the end, there wasn't any difference in their recovery. The investigator told us the results in class: prayer is useless.",Но в итоге состояние тех дядь и теть ничем не отличалось. Следователь объявила результаты в классе: молитвы бесполезны.
line-739,能天使,哈哈，说来蛮好玩的，这个国家到处都是教堂，却经常搞这种“大逆不道”的实验。,"Haha, it's funny, really. This country's full of churches, but it's always doing these kinds of 'outrageous' experiments.","Ха-ха, забавно, в этой стране полно церквей, но часто проводятся такие «святотатственные» эксперименты."
line-741,“圣徒”,（光环闪烁）,(Halo flickers),(нимб мерцает)
line-743,能天使,你说得对啦，拉特兰人确实天天向主祷告——,"You're right, Laterans really do pray to the Lord every day.","Ты прав, латеранцы действительно каждый день молятся Господу——"
line-744,能天使,祈祷生病了快点好，祈祷挑到最厉害的守护铳，祈祷商队在回程的时候不要遭遇天灾，祈祷好朋友永远不分离......,"Praying they'll get better soon after getting sick, praying they'll pick the coolest guardian gun ever, praying the caravans won't run into Catastrophes on the way home, praying they'll never have to say goodbye to their friends...","Молятся, чтобы болезнь прошла быстрее, чтобы выбрать самый мощный охранный пистолет, чтобы караван не попал в беду во время природного бедствия, чтобы лучшие друзья никогда не разлучались......"
line-745,能天使,祈祷什么样的苦难都能过去。,Praying that they'll be able to make it through all sorts of pain and suffering.,"Молятся, чтобы любые страдания прошли."
line-746,能天使,但我从没指望真有一个“主”在实现大家伙的愿望，或者关键时刻会跳出来拯救我们。,"But I never actually expected there to be a 'Lord' who would grant everyone's wishes, who would swoop in to save us when we're in trouble.","Но я никогда не рассчитывала, что есть какой-то «Господь», который исполняет желания всех, или что Он в решающий момент выскочит, чтобы нас спасти."
line-748,“圣徒”,......,...,......
line-750,能天使,共感让我们能感受到同胞的情绪，让我知道其他人在我身边时是快乐还是难过......,Empathy lets us sense the emotions of our people. It lets me know if the ones by my side are happy or sad.,"Эмпатия позволяет нам чувствовать эмоции сородичей, знать, радуются другие или грустят, когда я рядом......"
line-751,能天使,而祈祷呢。祈祷要求我不只是感受，它需要我想着去帮助我的爸爸妈妈姐姐和朋友们，要去体恤共感之外的更多事情......,"But prayer? Prayer doesn't just need me to sense things, it needs me to want to help my family and friends, to understand things outside of empathy.","А молитва? Молитва требует от меня не просто чувствовать, она требует думать о том, чтобы помочь моим папе, маме, сестре и друзьям, заботиться о большем, чем просто то, что дает эмпатия......"
line-752,能天使,它甚至让我觉得，自己能帮助一些完全不认识的叔叔阿姨们早日康复......,It even lets me feel like I could help some complete strangers get well sooner.,"Она даже заставляет меня думать, что я могу помочь незнакомым дядям и тетям быстрее выздороветь......"
line-754,能天使,尽管我知道，这可能并不会带来任何改变。,Even though I know it probably won't change a thing.,"Хотя я знаю, что это вряд ли что-то изменит."
line-757,能天使,跟着企鹅物流到处跑的时候，我遇见了很多萨科塔，他们有的勉强还算当着神父，有的早就不像我们在圣城时这样生活......,"I met lots of Sankta while running around with Penguin Logistics. You'd be hard pressed to call some of them Father, while others don't live life like we do in the Holy City anymore.","Когда я бегала повсюду с «Пингвин Лоджистикс», я встречала много Санкта, некоторые из них кое-как продолжали быть священниками, другие жили совсем не так, как мы в Святом городе......"
line-758,能天使,但他们都过得很充实，依然让我觉得亲切。,But they were all so... fulfilled. I still felt close to them.,"Но все они жили полной жизнью, и я всё равно чувствовала себя с ними близкой."
line-759,能天使,我总觉得，那是因为我们保留着祈祷的习惯。,I believe it's because we still prayed like we always did.,"Мне всегда казалось, что это потому, что мы сохранили привычку молиться."
line-760,能天使,它需要我们不去怀疑，它需要我们心怀希望。,It needs us to not doubt. It needs us to hold hope in our hearts.,"Она требует от нас не сомневаться, она требует, чтобы в сердце была надежда."
line-761,能天使,我们愿意为彼此祈祷，本身便是一件很美好的事情。,Just being down to pray for each other is a beautiful thing in itself.,"То, что мы хотим молиться друг за друга, само по себе прекрасно."
line-762,能天使,它把我和其他人，真正连接在一起。,It gives me a true connection to people.,Она по-настоящему соединяет меня с другими людьми.
line-764,“圣徒”,（如雷般的叹息声）,(Thunderous sigh),"(вздох, похожий на раскат грома)"
line-765,“圣徒”,如若信仰只是基于这样的连接，那它无比脆弱。,"If these connections were the foundation of faith, it would be exceedingly frail.","Если вера основана лишь на такой связи, то она невероятно хрупка."
line-767,能天使,不——我觉得正是这样的连接，在支撑着我们生活。,No. I think it's exactly these connections that help hold our lives up.,"Нет — я думаю, именно такая связь поддерживает нашу жизнь."
line-769,“圣徒”,“活着”......“生活”......,'Survival'... 'Life'...,«Жить»...... «Существовать»......
line-771,能天使,所以你不会懂如今的萨科塔为什么要与甜品和爆炸相伴......,If you don't understand why Sankta these days are all about desserts and explosions—,"Поэтому ты не поймешь, почему современные Санкта живут с десертами и взрывами......"
line-778,能天使,你怎么了？,What's up with you?,Что с тобой?
line-782,“圣徒”,（焦躁地逡巡）,(Fretful pacing),(беспокойно мечется)
line-787,,“圣徒”突然变得异常不安，她在鸿沟的边缘来回试探，锋利的前爪刺穿裸露翻卷着的地基，试图向下爬去。,"The saint suddenly becomes exceptionally restless. She feels out the edge of the rift as she paces along it, her sharp front claws piercing the exposed, bent foundations, trying to find a way to climb down.","«Святой» внезапно стала аномально беспокойной, она прощупывала края пропасти, её острые когти пронзали обнаженный фундамент, пытаясь спуститься вниз."
line-789,“圣徒”,......,...,......
line-790,“圣徒”,你们炸开的这道鸿沟，让我更清晰地感受到了祂的信号——,This rift you have opened allows me to sense His signal much more clearly.,"Эта пропасть, которую вы взорвали, позволила мне четче ощутить Его сигнал——"
line-791,“圣徒”,祂就在大教堂的地下，祂在呼唤我抵达——,"He is below the Basilica, calling out for me to approach—","Он в подземелье собора, Он зовет меня прибыть——"
line-792,“圣徒”,不、不......祂的信号为何如此紊乱......祂在躁动，祂在不安......,"No, no... Why is His signal in such disarray... He is anxious, uneasy...","Нет, нет...... почему Его сигнал такой неровный...... Он мечется, Он беспокоен......"
line-793,“圣徒”,造物主已经褫夺......还、还是......有其他威胁正在迫使祂......改变......,The Creator has already revoked... or perhaps.... there are other threats forcing Him to... change...,Создатель ли отнял...... или...... другая угроза заставляет Его...... измениться......
line-799,,机器运转的声音，微弱却清晰，从众人脚下，从那鸿沟的深处传来。,"The sound of machinery, faint yet clear, rises out from the depths of the rift below their feet.","Звук работающих механизмов, слабый, но четкий, доносился из-под ног, из глубины той пропасти."
line-800,,“圣徒”的不安越发明显，她的半个身子已经探入断层，肢爪也在收紧，能天使感受到剧烈的疼痛。,"The saint's unease becomes increasingly obvious. Half of her body has already entered the fault. Her claws clench, and Exusiai senses that she is in great pain.","Беспокойство «Святого» становилось все явственнее, половина её тела уже погрузилась в разлом, а конечности напряглись, Экзузиа чувствовала острую боль."
line-801,,她的身后，浩浩荡荡的队伍停了下来，无数的光环因她的不安而频频闪烁，如同瘫痪的群星。,"Behind her, the procession stops, countless halos flickering over and over due to her worry, like a river of paralyzed stars.","Позади неё огромная процессия остановилась, бесчисленные нимбы мигали из-за её тревоги, словно парализованные звезды."
line-803,“圣徒”,孩子，过去与现时的对话，或许本无意义......你们只需要走入，未来......,"Child, talks of past and present are meaningless... You need only step towards... the future...","Дитя, диалог прошлого и настоящего, возможно, не имеет смысла...... Вам просто нужно войти в будущее......"
line-804,“圣徒”,你们不理解那危机，你们别无新解，你们应该......活着......,You do not understand this crisis. There are no new solutions for you to find. You must... survive...,"Вы не понимаете этого кризиса, у вас нет иных решений, вам следует...... жить......"
line-807,能天使,我说过，我不会让你过去。,"I said it before, I'm not letting you pass.","Я сказала, что не позволю тебе пройти."
line-809,“圣徒”,你要怎么阻止......一个幽灵，一串代码......,How are you meant to stop... a ghost... a string of code...?,"Как ты собираешься остановить...... призрака, строку кода......"
line-812,“圣徒”,（凄厉的吼声）,(Mournful roar),（Пронзительный вопль）
line-815,,“圣徒”的声音越来越混沌，她已经完全接近于一只野兽，一如当年在泥泞里跋涉的提卡兹。,"The saint's voice becomes garbled. She has reverted to barely more than a beast, like the Teekaz who trudged through the mud all those years ago.","Голос «Святого» становится всё более невнятным, она уже почти уподобилась дикому зверю, подобно тем сарказам, что некогда брели по грязи."
line-817,能天使,要不是这样的场合，其实我们可以做朋友的。一个幽灵、一串代码、最初的萨科塔......没有比你更酷的朋友了！,"If we weren't in this mess, we could've been pretty good friends. A ghost, a string of code, the very first Sankta... There's no cooler friend than that!","Если бы не такие обстоятельства, мы могли бы стать друзьями. Призрак, цепочка кода, первый из санкта... Друга круче тебя не сыскать!"
line-819,能天使,哎呀，你看我......居然忘了自我介绍！,"Ah, silly me! Can't believe I forgot to introduce myself!","Ой, посмотри на меня... Совсем забыла представиться!"
line-821,能天使,蕾缪乐，圣席奥多尔综合学校第八十四届城际网络安全预科的第一名！有学校发的毕业证为证！,"Lemuel of St. Theodore's Comprehensive School, number one student in the 84th Intercity Net Security preparatory course! And I've got the school certs to prove it!","Лемюэль, лучшая выпускница восемьдесят четвёртого набора межгородской подготовительной школы кибербезопасности Святого Теодора! Школьный диплом — тому доказательство!"
line-822,能天使,这一路以来，打在你身上的每一枚子弹，可都是特制的！它们只不过是，生效得慢一些而已！,Every bullet I got you with was custom-made! They just needed some time to take effect!,"Каждая пуля, выпущенная в тебя по пути сюда, была сделана на заказ! Просто они срабатывают чуточку медленнее!"
line-840,,守护铳再一次发出吼叫，巨大的冲击力终于让能天使脱离了“圣徒”的掌控......,Her patron firearm howls once more. The force of the barrage finally frees Exusiai from the saint's grasp.,"Защитное орудие снова издало грозный рев, и огромная ударная волна наконец вырвала Экзузай из цепкой хватки «Святого»..."
line-841,,她高高跃起。,She leaps high into the sky.,Она высоко подпрыгнула.
line-846,能天使,我们当然不会放弃活着，但绝不是以你们算出来的那种方式。,"We're not going to give up on life, obviously, but we're definitely not going to go with your plan.","Мы, конечно, не собираемся отказываться от жизни, но точно не так, как вы это рассчитали."
line-847,能天使,如果拒绝它，意味着需要将连接我们的光环都切断，那就切断。,"If refusing it means the halos connecting us will be cut off, then cut them off.","Если отказ от этого означает необходимость разорвать связывающие нас нимбы, что ж, пусть так."
line-848,能天使,因为，哪怕是那样，我们也绝不会放弃为彼此祈祷......,"Because even if you do, we will never stop praying for each other.",Потому что даже тогда мы ни за что не перестанем молиться друг за друга...
line-849,能天使,我们仍会感谢主的存在，哪怕，祂从来不如我们所想。,"We'll still give thanks to the Lord for His existence, even if He isn't what we thought He was.","Мы всё равно будем благодарны Господу за Его существование, даже если Он совсем не такой, как мы себе представляли."
line-852,能天使,主啊，感谢你常在，赐予我们面包与武器，与我们一同经历磨难与考验！,"O Lord, thank you for being there, for blessing us with bread and bullets, for being there for us during our trials and tribulations!","Господи, благодарим Тебя за то, что Ты всегда рядом, даруешь нам хлеб и оружие, проходишь с нами через беды и испытания!"
line-853,能天使,感谢你一直以来，让属灵的光笼罩拉特兰，让每一人都有机会得到救赎！,"Thank you for spreading the light across Laterano all this time, giving everyone the chance for salvation!","Благодарим Тебя за то, что Твой духовный свет всегда озарял Латерано, позволяя каждому получить шанс на искупление!"
line-854,能天使,感谢你曾为我们开辟的道路！,Thank you for clearing the way for us!,"Благодарим за путь, который Ты открыл для нас!"
line-857,能天使,好了，祈祷结束。,"Amen. There, prayer done.","Ну вот, молитва окончена."
line-858,能天使,让我们用最热闹的方式道别吧——,"Let's say bye-bye, the wildest way I know—",Давай попрощаемся максимально шумно —
line-867,“圣徒”,（咆哮声）,(Roars),（Рёв）
line-868,,爆破物如雨般纷纷落下，与那些扎进“圣徒”身体里的子弹碰撞，激发出一连串爆炸。,"Explosives fall like rain, linking together into a chain of blasts as they collide with the bullets embedded in the saint's body.","Взрывчатка посыпалась дождем, сталкиваясь с пулями, уже засевшими в теле «Святого», вызывая череду взрывов."
line-869,,“圣徒”在嚎叫着，但不是因为爆破的冲击，也不是因为血肉的创伤，而是所有“弹药”在她体表擦出的诡异的乱流声。,"The saint howls, but not because of the explosions, not because of her flesh wounds, but because of the strange, dissonant sound caused by the 'ammunition' as it scrapes across her skin.","«Святой» выла, но не от ударов взрывов или ран на плоти, а от жуткого шума турбулентности, которую все эти «боеприпасы» вызывали на поверхности её тела."
line-870,,那是，数据被抹除的征兆。,The sound of data being erased.,"Это был знак того, что данные стираются."
line-874,能天使,正宗天意！,"Divine judgment, traditional!",Настоящая Божья воля!
line-881,能天使,福音摇滚！,Rock n' gospel!,Евангельский рок-н-ролл!
line-888,能天使,弹幕嗨破天！,"Barrage, sky-shattering!",Шквал огня сносит крышу!
line-895,能天使,叉烧苹果派！,"Apple pie, with char siu!",Яблочный пирог со свининой!
line-912,,“保留人的情感”？“保留人”？,'Retain humanity's emotions'? 'Retain humanity'?,«Сохранить человеческие чувства»? «Сохранить людей»?
line-913,,\n\n否定。,\n\nNegative.,Отрицательно.
line-914,,\n\n人已不存在，你所指的“人”，系源石的副产物。,\n\nHumanity does not exist. Variable referred to as 'humanity' is a byproduct of Originium.,"Людей больше не существует; то, что вы называете «людьми», является побочным продуктом Ориниума."
line-929,安多恩,源石？,Originium?,Ориниум?
line-930,安多恩,一片由源石铺就的......海？,"A... sea, made of Originium?",Море... вымощенное Ориниумом?
line-932,安多恩,......像我家乡的海。宁静、美丽，却让人不敢涉足其中。,"It's like the sea back home. Calm, beautiful, but one nobody dares to set out on it.","...Похоже на море в моих родных краях. Безмятежное, красивое, но такое, к которому боишься прикоснуться."
line-934,木攀兽,或许并非如此。保育员先生，你感到熟悉，是因为......你家乡的海就在其中，甚至你自己的一部分也在其中。,"Maybe, maybe not. This is familiar to you because... because the sea by your hometown is here. There's even a part of <i>you</i> here too.","Возможно, это не так. Мистер Смотритель, вам кажется оно знакомым потому, что... море из вашего дома находится внутри него, и даже часть вас самих тоже внутри."
line-935,木攀兽,万物都被封存在其中——它就是万物的棺椁。,All things that are have been sealed here. A coffin for the world and everything upon it.,Всё сущее заключено в нем — оно стало гробницей для всего.
line-937,安多恩,如同罹患矿石病的人，在死后留下的晶簇？,Like the crystals left behind by Oripathy patients after they die?,"Подобно кристаллическим наростам, что остаются после смерти людей с орипатией?"
line-939,木攀兽,如果这有助于你理解的话，是的。,"If that helps you understand it, then yes.","Если это поможет вам понять, то да."
line-940,木攀兽,很惊讶吗？可这才是万物原本被设定好的终点。,"Amazing, isn't it? This was once the end of everything.",Удивлены? Но именно таков предопределенный финал для всего сущего.
line-941,木攀兽,我们都生得太晚，活得太短，以至于不自觉地把一些微不足道的意外，当成了自己存在的本质。,"We are born far too late, our lives far too short. We even unconsciously take some inconsequential mishaps, and turn them into the foundation of our very being.","Мы все родились слишком поздно и жили слишком недолго, чтобы бессознательно принимать случайные мелочи за саму суть нашего существования."
line-942,木攀兽,一如你盲目地将一段支离破碎的记忆，当成了神圣的启示。,Like how you blindly took a shattered memory and turned it into divine revelation.,"Так же, как вы слепо приняли разрозненные воспоминания за священное откровение."
line-943,木攀兽,但无妨。律法意愿给予你真正的启示。,But no matter. The Law wishes to bestow upon you true revelation.,Но это неважно. Воля Закона дарует вам истинное откровение.
line-944,木攀兽,祂说：“无人可以得救。”,He says: 'None can be saved.',Он говорит: «Никто не может быть спасен».
line-955,,源石的副产物，将归于源石。,"Originium to Originium, dust to dust.",Побочные продукты Ориниума вернутся в Ориниум.
line-956,,\n\n相关权限人员已为PCS新建任务序列，认知辐射增强器已调至最大功率，覆盖范围——泰拉。,\n\nPersonnel with relevant privileges have provided PCS with new set of directives. Cognitive radiation amplifier at maximum output. Effective range: Terra.,"Уполномоченный персонал создал для PCS новую очередь задач, усилитель когнитивного излучения настроен на максимальную мощность, зона покрытия — Терра."
line-957,,\n\n源石将在维护后接入PCS。,\n\nOriginium will connect to PCS after maintenance is complete.,Ориниум будет подключен к PCS после техобслуживания.
line-958,,\n\n源石，将是必然。,\n\nOriginium is inevitable.,Ориниум неизбежен.
line-963,费德里科,......,...,...
line-964,费德里科,律法从提卡兹之中创造萨科塔的族裔，于蛮荒的土地上建立拉特兰的秩序，甚至在众多的文明当中尝试建立普世的信仰......,"The Law created the Sankta from the Teekaz, built the order of Laterano in untamed wilds, and even attempted to establish a Terra-wide religion spanning multiple civilizations.","Закон создал расу санкта из сарказов, установил порядок Латерано на диких землях и даже пытался выстроить универсальную веру среди множества цивилизаций..."
line-965,费德里科,祂在这千万年间为人所做的一切，难道就只是为了把人变成源石？,He has worked for millennia in service of humanity. Surely it was not simply to turn all of it into Originium?,"Неужели всё, что Он сделал для людей за эти тысячи лет, было лишь ради того, чтобы превратить их в Ориниум?"
line-966,费德里科,这难道就是律法的终极目的？,Is that truly the Law's ultimate goal?,Неужели это и есть высшая цель Закона?
line-970,,否定。,Negative.,Отрицательно.
line-971,,\n\n此为源石之目的，而非“律法”之目的。,"\n\nThis is the goal of Originium, not the goal of 'the Law'.","Это цель Ориниума, а не «Закона»."
line-972,,\n\n源石，将成为“律法”的前提条件。,\n\nOriginium has been set as a prerequisite of 'the Law'.,Ориниум станет необходимым условием для «Закона».
line-977,费德里科,如果源石确实像我刚刚所见的那样，能将万事万物都同化......它怎么可能成为任何事物的前提条件？,"If Originium is as you earlier described, able to assimilate everything, why is it a prerequisite to anything?","Если Ориниум действительно может ассимилировать всё вокруг, как я только что видел... как он может быть условием для чего-либо?"
line-978,费德里科,它难道不是只能成为一切事物的终点？,Surely it is more than the end of everything?,Разве он не может быть только концом для всего?
line-979,费德里科,在一片毫无差别的源石当中，律法如何还能运作？光环......又意义何在？,How would the Law be able to operate inside a field of uniform Originium? What would be the meaning of a halo in that case?,"Как Закон может работать в бесконечном, неразличимом поле Ориниума? И... в чем тогда смысл нимбов?"
line-983,,因源石是万物的终点，为万物赋予光环才有意义。,"As Originium is the end of all things, there is meaning in bestowing halos on everything.","Поскольку Ориниум — это конец всего сущего, придавать всему смысл через нимбы имеет значение."
line-984,,\n\n源石之前的天使，仅是天使。,\n\nAngels before Originium are merely angels.,Ангелы до Ориниума были просто ангелами.
line-985,,\n\n源石之后的天使，是唯一意义尚存的存在方式。,\n\nAngels after Originium are the only method of existence that will retain meaning.,"Ангелы после Ориниума — это единственный способ существования, который сохраняет смысл."
line-1000,安多恩,“无人可以得救”？,'None can be saved'?,«Никто не может быть спасен»?
line-1001,安多恩,就连现在的拉特兰，一座太过狭小的乐园，也不得保留？,"So not even Laterano as it is, a cramped Paradise, can be preserved?","Даже нынешнему Латерано, этому крошечному раю, не дозволено сохраниться?"
line-1003,木攀兽,不可得救，不得保留。,"It cannot be saved, nor preserved.","Не может быть спасен, не может быть сохранен."
line-1004,木攀兽,“救所有人”，从来都不成立。,'Save everyone' has never been a tenable commandment.,«Спасти всех» — это никогда не было правдой.
line-1005,木攀兽,万物都将一同步向死亡，唯一堪称“拯救”的行为，是为所有人送行......,All things march towards death. The only way to 'save' them is to see them off.,"Все сущее вместе движется к смерти, и единственное, что можно назвать «спасением» — это проводить их в последний путь..."
line-1006,木攀兽,赋予他们一种理想、一个姿态，遮盖他们的丑恶，彰显他们的光辉。,"Grant them a dream, a bearing to hold themselves to. Hide their blemishes, espouse their brilliance.","Наделить их идеалом, позой, скрыть их уродство и проявить их сияние."
line-1007,木攀兽,由此，令他们欣然接受自己最后的旅途。,"By doing so, you allow them to gladly accept their final journey.",И тем самым позволить им с радостью принять их последний путь.
line-1008,木攀兽,就像你拯救自己那样。,Like how you saved yourself.,"Так же, как вы спасли себя."
line-1010,安多恩,把理想，当作一种安慰剂，赋予他人？,Granting dreams to others as a placebo?,Дать другим идеал как плацебо?
line-1012,安多恩,不......我不接受。,No. I won't accept that.,Нет... я не принимаю этого.
line-1013,安多恩,如果我真的无耻到怀揣一个虚假的理想，自我感动式地苦行了十余年之久......,"If I have truly, shamelessly clung onto a false dream, put myself through a crucible for more than ten years...","Если я был настолько бесстыден, что лелеял ложный идеал и более десяти лет предавался самообманному аскетизму..."
line-1014,安多恩,卑劣到为了自己一人的救赎，在不计其数的旁人身上留下了无法愈合的创伤......,If I have debased myself by inflicting unhealing wounds upon countless others for the sake of self-salvation...,"Если я был настолько низок, что ради спасения собственной души оставлял неизлечимые шрамы на бесчисленных окружающих..."
line-1015,安多恩,那我就更不应该把这无耻与卑劣传递给所有人。,Then all the more reason not to spread this shamelessness and debasement to others.,То тем более я не должен передавать эту низость и бесстыдство остальным.
line-1017,木攀兽,哪怕你接受，你也不能做到。,"Even if you accepted it, you are unable to perform such an act.","Даже если примете, вы не сможете этого сделать."
line-1018,木攀兽,唯有律法，能恩赐此般拯救。,Only the Law can bestow such salvation.,Только Закон может даровать такое спасение.
line-1020,安多恩,难道说......,You can't possibly mean...,Значит ли это...
line-1021,安多恩,歧法的计划......为所有人赋予光环，就是为了你所说的这种“拯救”？,"Keph's plan... was to give everyone halos, all so they can be granted this 'salvation'?","План Дифы... наделение нимбами всех людей — это и есть то самое «спасение», о котором вы говорите?"
line-1023,安多恩,可是成为萨科塔又能怎样？萨科塔何尝不冷酷，何尝不卑劣，何尝不......痛苦？！,"But how would becoming Sankta help? Are Sankta beyond callousness, beyond cruelty, beyond... suffering?!","Но что толку стать санкта? Разве санкта не бывают безжалостными, подлыми, разве они не знают... боли?!"
line-1025,木攀兽,我们当然不会止步于萨科塔。,We shall not stop at becoming Sankta.,"Конечно, мы не остановимся на санкта."
line-1026,木攀兽,安多恩·雅迦坦哲罗思，我们会一同成为，真正的天使。,"We will all become true angels, Andoain Agathangelos.","Андоэн Ягатанджелос, мы все станем истинными ангелами."
line-1028,安多恩,真正的......天使？,True... angels?,Истинными... ангелами?
line-1041,安多恩,牙咖......雅迦坦哲罗思？我不喜欢这个姓。它好长，好难念，听起来一点也不像是我们这里会有的姓。,"Aggy... Agathangelos? I don't like this name. It's too long and hard to read, and it doesn't sound like any of the other names here.","Яга... Ягатанджелос? Мне не нравится эта фамилия. Она такая длинная, трудная для произношения, совсем не звучит как фамилия, которая была бы у нас здесь."
line-1044,虚弱的女性,这是......妈妈的姓氏。爸爸临走前叮嘱过，希望我把这个姓氏留给你。,"This is... my surname. Before your father left, he kept telling me he hoped I would give it to you.","Это... мамина фамилия. Отец просил перед уходом, чтобы я оставила её тебе."
line-1046,安多恩,可是，妈妈......,"But, Mamma...","Но, мама..."
line-1049,虚弱的女性,安多恩，妈妈知道这个姓氏既难念，又奇怪。,"I know it's strange and hard to read, Andoain.","Андоэн, мама знает, что эта фамилия и трудная, и странная."
line-1050,虚弱的女性,其他孩子知道了你有这样一个姓氏，或许会喊着“打倒怪家伙”之类的话来欺负你。,"If the other children knew you had this name, they might say hurtful things to you like 'there's that weird boy!'.","Другие дети, узнав о ней, могут начать дразнить тебя, выкрикивая «долой чудака»."
line-1051,虚弱的女性,以后你去到更远的地方，强盗或许会因此把你当作从外面来的有钱人，审判庭或许会把你当作图谋不轨的狂信徒。,"Once you head out further afield, bandits may think you're a rich foreigner, while the Inquisition might assume you're a zealot up to no good.","Когда ты вырастешь и уедешь далеко, разбойники могут принять тебя за богача извне, а трибунал — за заговорщика-фанатика."
line-1052,虚弱的女性,所以，妈妈希望你永远不要对任何人提起它。就当你和这里其他孤儿一样，只有一个简单的名字。,"Which is why I hope you never share it with others. Stick with a simple name, like the other orphans here.","Поэтому мама хочет, чтобы ты никогда и никому не упоминал её. Считай, что, как и у других сирот здесь, у тебя есть только простое имя."
line-1053,虚弱的女性,我希望你把它放在内心深处最偏僻的角落，你的喜、怒、哀、乐都触及不到的角落。,"I hope you will keep it in the deepest recesses of your heart, a place where your happiness, anger, sorrow and joy cannot touch.","Я хочу, чтобы ты спрятал её в самом дальнем уголке своего сердца, до которого не дотянутся ни радость, ни гнев, ни печаль."
line-1055,安多恩,可我现在只是很伤心......我不知道我心里的哪一部分，是不伤心的。,But I feel really sad right now... I don't know if there's anywhere in me that doesn't feel sad.,"Но сейчас мне так грустно... Я не знаю, какая часть моего сердца не грустит."
line-1056,安多恩,我的心里真的有那样的地方吗？,Is there really a place like that in my heart?,Неужели в моем сердце действительно есть такое место?
line-1059,虚弱的女性,当然，安多恩，每个人都有的。,"Of course, Andoain. Everyone has one.","Конечно, Андоэн, оно есть у каждого."
line-1060,虚弱的女性,我希望你想起这个姓氏的时候，能抛却痛苦，抛却哀伤，不再郁结，不再挣扎。,"I hope that, when you think of this name, you will be free from suffering, grief, frustration, and strife.","Я хочу, чтобы, вспоминая эту фамилию, ты мог отбросить боль, отбросить печаль, перестать терзаться и бороться."
line-1061,虚弱的女性,忘记那些在路边抓住你脚踝的濒死者和他们身旁的饿殍，忘记那些被海雾侵蚀了理智的绝望者和他们嘴角的碎肉。,"Forget the dying and the hungry by the road who claw at your ankles. Forget those in despair, whose minds were eaten away by the sea fog, and the flesh they chew on.","Забудь тех умирающих, что цеплялись за твои ноги у дороги, и лежащие рядом трупы, забудь тех, чей разум был разъеден морским туманом, и куски плоти в уголках их ртов."
line-1062,虚弱的女性,也忘记爸爸扎的怪兽玩偶，和妈妈炖的鳞皮汤；忘记你塞在枕头下的故事书，和从老教堂捡来的画笔。,"Forget the monster doll your father made, and my finscale soup. Forget the storybook you keep beneath your pillow, and the brush you found in the old chapel.","И забудь кукольного монстра, что сшил папа, и чешуйчатый суп, что варила мама; забудь книжку сказок, спрятанную под подушкой, и кисти, найденные в старой церкви."
line-1064,安多恩,可我不想忘记！,But I don't want to forget them!,Но я не хочу забывать!
line-1067,虚弱的女性,......哪怕只是一瞬间，好吗？,"...It's just for a little while, alright?","...хотя бы на мгновение, хорошо?"
line-1068,虚弱的女性,我希望你想起这个姓氏的时候，能感到平静——空无一物的平静。,"I hope that, when you think of this name, you will find tranquility... the tranquility of emptiness.","Я хочу, чтобы ты чувствовал покой, вспоминая её — пустотный покой."
line-1069,虚弱的女性,总有一天，你一定会需要这种平静的。,"One day, you will need this peace.",Однажды тебе обязательно понадобится этот покой.
line-1070,虚弱的女性,安多恩，答应我。,"Promise me, Andoain.","Андоэн, пообещай мне."
line-1073,安多恩,......好。,Alright.,...Хорошо.
line-1074,安多恩,可我还是想知道，这个姓，到底是什么意思？,But I still want to know what this name means.,"Но я всё равно хочу знать, что значит эта фамилия?"
line-1077,虚弱的女性,天使。在拉特兰语里面，它的意思是......天使。,"'Angel'. In Lateran, it means... 'Angel'.",Ангел. На латеранском это значит... ангел.
line-1091,木攀兽,平静......是啊。平静是个多么合适的形容。,"Tranquility... Yes, a very apt descriptor.",Покой... да. Покой — как же это подходящее описание.
line-1092,木攀兽,看哪，它们就连降临此处，都悄无声息。,"Behold. Even as they come, they do so in silence.","Смотри, они прибывают сюда совершенно бесшумно."
line-1102,,源石的海洋一望无际。凝视它的人很快会意识到，对它的所有观察都毫无意义。,The ocean of Originium is endless. Those who look upon it soon realize that every observation they make of it is without meaning.,"Море Ориниума бескрайно. Тот, кто всматривается в него, вскоре понимает, что любое наблюдение за ним бессмысленно."
line-1103,,当目所能及的景象皆无任何分别，人连目光都不知该落在何处。,"When everything the eye can see is impossible to differentiate, where to start looking is similarly impossible to determine.","Когда всё, что видит глаз, не имеет различий, человек даже не знает, на чем остановить взгляд."
line-1104,,只是，此时此刻，在这万物同一的汪洋之上，仍有什么事物在分明地闪烁。,"But now, above this great sea of uniformity, something shines.","Только сейчас, в этот самый миг, над этим всеединым океаном сущего что-то отчётливо мерцает."
line-1105,,仿佛源石之海在它的尽头又汇作一条倒涌向天上的河流，不计其数的源石碎屑从海面上扬升而起，秩序井然地向着空无一物的远方漂流。,"It is as if the edge of the Originium sea has converged into a river that flows into the heavens. Countless fragments of Originium rise up from the surface of the sea, floating up into the distant, empty beyond in perfect formation.","Будто море Ориниума в своём конце снова сливается в поток, устремлённый в небо; бесчисленные осколки Ориниума поднимаются с поверхности, в строгом порядке дрейфуя к пустынной дали."
line-1106,,它们棱角分明、形状各异，有些如尘埃般渺小，有些如星辰般庞大，但它们无一例外，都承载着一抹微光。,"The fragments are jagged and irregular. Some are as small as dust, others as immense as stars, but all, without exception, are crowned with a glimmer of light.","Они гранены и разнообразны, некоторые малы, как пыль, некоторые огромны, как звёзды, но все без исключения несут на себе крупицу света."
line-1107,,一抹环形的微光。,A glimmer shaped like a ring.,Кольцеобразную крупицу света.
line-1108,安多恩,光环......,Halos...,Нимб...
line-1109,木攀兽,很美，不是吗？,"Beautiful, aren't they?","Прекрасно, не так ли?"
line-1110,木攀兽,可惜世间的美与丑于天使而言毫无意义。,It's a pity that all the beauty and ugliness in the world is meaningless to angels.,"Жаль, что для ангелов красота и уродство мира не имеют никакого смысла."
line-1111,木攀兽,天使没有美与丑，自然也没有高与低、贵与贱，没有崇敬与唾弃，也没有爱慕与憎恶。,"Angels are neither beautiful nor ugly. They are neither high nor low, noble nor base, reverent nor blasphemous, adorant nor disdainful.","У ангелов нет красоты и уродства, а значит, нет высокого и низкого, благородного и ничтожного, нет поклонения и презрения, нет любви и ненависти."
line-1112,木攀兽,于是也没有相遇与别离，没有幸福与痛苦。,"They know neither meeting nor separation, happiness nor suffering.","Следовательно, нет встреч и разлук, нет счастья и боли."
line-1113,安多恩,它们甚至能称得上是生命吗？,Can they even be considered life?,Можно ли их вообще назвать жизнью?
line-1114,木攀兽,何关紧要呢？生命所承载的一切赞美都不过是我们的自我欣赏。,Does that matter? All the praise we heap upon life is nothing but egotistical admiration.,"Какая разница? Всякое восхваление жизни — не что иное, как любование собой."
line-1115,木攀兽,在它们身上寻找生命的痕迹，试图把它们的形貌与生命的定义进行比对，也只不过是我们在寻求共鸣。,Observing their forms in an attempt to compare them to our definition of life is simply us trying to find resonance with them.,"Искать следы жизни в них, пытаться сравнивать их облик с определением жизни — это лишь наш поиск резонанса."
line-1116,安多恩,那么，它们是律法？是神明？,"Then, are they the Law? Are they gods?","Значит, они Закон? Они божества?"
line-1117,木攀兽,如果美丑、高低、贵贱都没有分别，又怎会有神明与信徒之分？,"If there is no distinction between beauty and ugliness, high and low, noble and base, why would there be one for god and worshiper?","Если нет различий между красивым и уродливым, высоким и низким, благородным и ничтожным, то откуда взяться различию между божеством и верующим?"
line-1118,木攀兽,天使不理解信仰为何物，它们只是存在于宇宙深处最偏僻的角落......以最独特的形式。,"Angels do not understand faith. They simply exist in the furthest reaches of the universe, taking on the most distinctive forms.","Ангелы не понимают, что такое вера, они просто существуют в самых отдаленных уголках Вселенной... в самой уникальной форме."
line-1119,木攀兽,是我们的先祖与它们不期而遇，不知廉耻地打搅了它们，而我们又以它们的名义伪造出一对神明与信徒。,"It was our forebears who encountered them, shamelessly disturbing them as they did so. In their name, we created a forgery of a dialectic, of god and worshiper.","Это наши предки столкнулись с ними и бесстыдно потревожили их, а мы воссоздали пару «божество-верующий» от их имени."
line-1120,安多恩,如果我们的一切情绪、一切概念、一切行为都与天使无关......,"If all our emotions, ideas and actions have nothing to do with angels...","Если все наши чувства, понятия и действия не имеют к ангелам отношения..."
line-1121,安多恩,那为什么我们的未来要与它们有关？,What does our future have to do with them?,То почему наше будущее должно быть связано с ними?
line-1122,木攀兽,正因我们的一切都与天使无关，我们才应当成为天使。,It is because everything we are has nothing to do with angels that we should become them.,"Именно потому, что всё наше не имеет отношения к ангелам, мы и должны стать ангелами."
line-1125,木攀兽,这即是唯一一种可能性——,"Now, this is only a possibility, but...",Это единственная возможность —
line-1126,木攀兽,当造主降临，当万物都将随之沉入我们眼前这片海洋，静滞、同一、再无意义时......,"When the Creator descends, when everything is submerged into this ocean before us, a time of stasis, uniformity, and meaninglessness...","Когда Создатель снизойдёт, когда всё сущее погрузится в этот океан, что перед нами — неподвижное, единое, не имеющее смысла..."
line-1127,木攀兽,其中的萨科塔，仍能以天使的形式，永远存在，永远闪耀。,"The Sankta within can take on the forms of angels and enjoy an eternal existence, where they shall shine forevermore.","Санкта внутри него смогут по-прежнему существовать в форме ангелов, вечно сиять."
line-1128,木攀兽,这即是我们，向死亡交出的最终答卷。,This is the final answer we shall submit to death.,Это наш финальный ответ смерти.
line-1129,木攀兽,这即是祂，给予祂守护了千万年族群的，最后的赐福和救赎。,"This is His gift to the people He has guarded for thousands of years, His final blessing and salvation.","Это Его последнее благословение и искупление для группы, которую Он защищал тысячи лет."
line-1133,,我们漂流，一如我们在过去与未来间漂流。,"We drift, just as we drift between past and future.","Мы дрейфуем, словно дрейфуем между прошлым и будущим."
line-1134,,我们闪烁，一如我们在实相与虚无间闪烁。,"We flicker, just as we flicker between reality and the void.","Мы мерцаем, словно мерцаем между явью и небытием."
line-1138,,天使无始无终，天使不增不减，天使非生非死。,Angels know not beginnings or ends. Angels know not increase or decrease. Angels know not life or death.,"Ангелы не имеют начала и конца, ангелы не прибавляются и не убавляются, ангелы не рождаются и не умирают."
line-1139,,在一切都不存在的存在中，唯我们以天使的形式存在。,"In an existence where nothing exists, we can only exist in the form of angels.","В существовании, где ничто не существует, лишь мы существуем в форме ангелов."
line-1158,费德里科,......这就是真正的天使？,So these are true angels?,...Это и есть истинные ангелы?
line-1159,费德里科,如此难以理喻，以至于律法都没法正面去描述它，而只能定义它“不是什么”？,"Incomprehensible to the point where the Law cannot directly describe them, instead defining them by what they are not?","Настолько непостижимые, что Закон не может описать их напрямую, а лишь определить, «чем они не являются»?"
line-1160,费德里科,如此超然物外，哪怕被变成了源石，也依然能以天使的方式继续存在？,Immaterial to the point where taking the form of angels allows one to continue to exist after becoming Originium?,"Настолько запредельные, что даже превратившись в Ориниум, способны продолжать существование в образе ангелов?"
line-1161,费德里科,这就是律法在万物归于源石的终点，所选择的存在方式？,This is the existence the Law has chosen once everything returns to Originium?,"Это тот путь существования, который избрал Закон в конце всего сущего, когда всё возвращается к Ориниуму?"
line-1165,,肯定。,Affirmative.,Утвердительно.
line-1170,费德里科,如果这就是律法的终极目的，那么我身为圣徒与执行者，理应践行律法、维系律法。,"If this is the ultimate purpose of the Law, then as a saint and an executor, I should implement and enforce it.","Если это высшая цель Закона, то я, как святой и исполнитель, должен следовать Закону и поддерживать его."
line-1171,费德里科,除非——,Unless...,Если только —
line-1173,费德里科,律法本身就是一种悖论。,Unless the Law itself is a paradox.,Закон сам по себе не является парадоксом.
line-1174,费德里科,我只有最后一个问题！,I have one final question!,У меня последний вопрос!
line-1175,费德里科,律法，向我阐释，如果天使确是如此——“无始无终，不增不减，非生非死”。,"Explain to me how, if angels truly are as you say, without beginning or end, increase or decrease, life or death...","Закон, объясни мне, если ангелы таковы — «без начала и конца, без прибавлений и убавлений, не рождаются и не умирают»."
line-1176,费德里科,那么它们——你们——何以会如此强烈地想要存在......想要存续？,Then why do they—you—have such a strong desire to exist... to continue to exist?,То почему они — вы — так сильно желаете существовать... так хотите продолжаться?
line-1180,,......,...,...
line-1181,,\n\n............,\n\n............,............
line-1185,,于机器而言，有输入，便有输出。,"As machines have inputs, so they have outputs.","Для машины: есть ввод, есть вывод."
line-1186,,圣徒向律法求解，律法便给予启示。,"The saints sought answers in the Law, and the Law granted them revelation.","Святой вопрошает Закон, Закон дает откровение."
line-1187,,舰队向系统请示，系统便下达指令。,"The fleet asked the system for instructions, so the system issued commands.","Флот запрашивает систему, система отдает команды."
line-1188,,主，或是PCS，都从不曾像此刻这般沉默。,"The Lord, or rather, PCS, has never been as silent as it is now.","Бог, или PCS, никогда еще не молчали так, как сейчас."
line-1190,费德里科,你是人造的系统，你必须依托人来运作，不论是作为某种所谓的指挥系统，还是作为圣城尊崇的律法。,"You are an artificial system, so you require people to operate you. This is true for both a 'command system' and the Law worshiped by the Holy City.","Ты искусственная система, ты должна опираться на человека для функционирования, будь то как какая-то командная система или как почитаемый священным городом Закон."
line-1191,费德里科,而你运作的终极目的，却是要摆脱人的桎梏，回归天使的本质......,The ultimate purpose you were given was to break humanity free from their shackles and return their angelic nature.,"И высшая цель твоего функционирования — избавиться от оков человека, вернуться к сущности ангела..."
line-1193,费德里科,那么，这个目的本身，究竟出自人，还是出自天使？,"However, this purpose, does it stem from people, or from angels?",Тогда откуда берется эта цель: от человека или от ангела?
line-1194,费德里科,你描述中的天使，怎会怀有这样的目的？它们的行动甚至没有任何目的——假设它们有任何除了“漂流”和“闪烁”之外的行动的话。,"Why would the angels you described desire this? Their actions do not have purpose, assuming they can even perform actions other than 'drift' and 'flicker'.","Как описанные тобой ангелы могут иметь такую цель? У них вообще нет никаких целей — если предположить, что у них есть действия, отличные от «дрейфа» и «мерцания»."
line-1195,费德里科,可如果回归天使的目的本身就出自人，你又怎能彻底成为天使？,"But if this purpose comes from people, how will you turn them into angels?","А если цель вернуться к ангелам исходит от человека, как ты можешь стать ими по-настоящему?"
line-1196,费德里科,你所做的一切，难道不都只是出自——,Surely everything you have done was more than just—,"Разве всё, что ты делаешь, не исходит из..."
line-1200,,......一个愿望？,A wish?,...Желания?
line-1201,,\n\n......一个愿望。,\n\n...A wish.,...Желания.
line-1216,木攀兽,现在，保育员先生，我将救赎给予你——,"Nurturer, I shall now grant you salvation.","Теперь, мистер Смотритель, я дарую вам искупление —"
line-1217,木攀兽,引导你的同胞成为天使，引导你自己成为天使。,Guide your people to angelification. Guide yourself.,"Направьте своих соплеменников стать ангелами, станьте ангелом сами."
line-1218,木攀兽,抛却痛苦，抛却哀伤，不再郁结，不再挣扎。你将得到平静——空无一物的平静。你拯救过和伤害过的人亦然。,"Be free from suffering, grief, frustration, and strife. You will obtain tranquility, the tranquility of emptiness, as shall those you have helped and harmed alike.","Отбросьте боль, отбросьте печаль, перестаньте терзаться и бороться. Вы обретете покой — пустотный покой. Те, кого вы спасли и кому причинили боль, тоже."
line-1219,木攀兽,你不必再作为一个自私者、卑劣者、背叛者、盲信者而活着，更不必以这些姿态死去。,"You need not live as an egotist, a villain, a traitor, or a fanatic. Nor do you need to die as one.","Вам больше не нужно жить как эгоист, подлец, предатель или фанатик, и тем более не нужно умирать с этими качествами."
line-1221,安多恩,......,...,...
line-1224,,安多恩感到前所未有的疲惫，仿佛一生的重负，都在同一刻压上了他的脊背。,"Andoain feels more tired than he has ever been before, as if an entire lifetime's worth of burdens have been pressed down onto his back at once.","Андоэн почувствовал невиданную усталость, словно бремя всей жизни в один миг легло на его спину."
line-1225,,木攀兽说得没错，他确实像那个萨卡兹酒鬼，敏锐地察觉到了自己余生中绝无仅有的机会。,"The arborbeast was right. He really is like that Sarkaz drunkard, acutely aware this is the last chance he has.","Древесный зверь был прав, он действительно был похож на того сарказовского пьяницу, остро ощутив шанс, единственный за всю оставшуюся жизнь."
line-1226,,若他想要得到解脱，这便是唯一的可能性。,"If he wanted relief, this is the only way.","Если он хочет обрести избавление, это — единственная возможность."
line-1227,,“解脱”，只是这个词清脆的发音，就令他感到幸福，令他想要跪倒在地，痛哭流涕直至力竭，然后沉沉睡去。,"'Relief'. He only needs to hear the word's crisp syllables to feel joy, to want to fall to the ground and weep until he has spent all his strength, then fall further into a deep slumber.","«Избавление» — одно звучание этого слова наполняло его счастьем, заставляло хотеть упасть на колени, рыдать до изнеможения, а затем крепко уснуть."
line-1228,,但他拼尽全力，猛地睁开了浑浊的双眼。,But he uses that strength to instead open his clouded eyes.,Но он из последних сил широко открыл свои мутные глаза.
line-1240,安多恩,我不知道教宗阁下给了你怎样的答复，不知道此时此刻在地面上，莫斯提马、菲亚梅塔，还有蕾缪安和她的妹妹，又作何感想。,"I don't know what kind of answer His Holiness gave you, nor do I know what Mostima, Fiammetta, Lemuen or her little sister are thinking right now aboveground.","Я не знаю, какой ответ дал вам Его Святейшество, не знаю, что сейчас думают на поверхности Мостима, Фиаметта, Лемюэль и её сестра."
line-1241,安多恩,我不知道帕蒂亚和我们过去的同行者们此刻正去向何方，不知道我在育婴圣堂照料过的孩子们正奔向谁的怀抱。,"I don't know where Patia and our former fellows are headed, nor do I know whose bosom the children I tended in the Shrine of Nurtury have clutched.","Я не знаю, куда направляются Патия и наши старые товарищи, не знаю, в чьи объятия бегут дети, за которыми я ухаживал в детском приюте."
line-1242,安多恩,我不知道他们想不想要这救赎，这解脱。,"I don't know if they want this salvation, this relief.","Не знаю, хотят ли они этого спасения, этого избавления."
line-1243,安多恩,但如果你在乎我这个所谓“适格者”的答案。,But if what you really care about is my answer as a 'suitable candidate'...,"Но если вас интересует ответ такого «пригодного», как я."
line-1245,安多恩,那么——不。,Then my answer is no.,То — нет.
line-1247,安多恩,我太自负，以至于直到此时此刻，我仍不愿相信自己苦寻了数十年的答案，就只是这样一种简单的解脱。,"I'm far too conceited. Even to this very moment, I still refuse to believe my arduous search for answers, decades in the making, was all for this simple relief.","Я слишком самонадеян, чтобы даже сейчас поверить, что ответ, который я искал десятилетиями, был лишь простым избавлением."
line-1248,安多恩,不止自负，我也确是自私者、卑劣者、背叛者、盲信者，我因此而痛苦、哀伤、郁结、挣扎。,"I'm not only conceited, I'm an egotist, a villain, a traitor, and a fanatic. And so I suffer and grieve, my frustrations giving rise to strife.","Я не только самонадеян, я действительно эгоист, подлец, предатель и фанатик, и оттого я страдаю, печалюсь, терзаюсь и борюсь."
line-1249,安多恩,但这些就是我活在世上的根基。,But they are the foundations of my life.,"Но в этом — основа того, что я живу на этом свете."
line-1250,安多恩,如果我抛弃这些，那么得到解脱的就不是我，成为天使的也不是我。,"If I were to abandon them, the one who obtains relief, who becomes an angel, would not be me.","Если я отброшу это, тогда избавление получу не я, и ангелом стану не я."
line-1251,安多恩,安多恩永远不会得到解脱——,Andoain Agathangelos shall never obtain relief.,Андоэн никогда не получит избавления —
line-1253,安多恩,也永远不愿得到解脱！,Nor will he ever wish for it!,И никогда не захочет его получить!
line-1254,安多恩,让痛苦噬咬他的肉，让挣扎折断他的骨！然后，他才好清醒地行他的路！,"Let suffering scar his flesh, let strife snap his bones! Then, and only then, will he have the clarity of mind to walk his path!","Пусть боль грызет мою плоть, пусть борьба ломает кости! Тогда я смогу ясно идти своим путем!"
line-1256,费德里科,......看来我们达成了一致。,It seems we have reached an agreement.,"...Похоже, мы пришли к согласию."
line-1257,费德里科,律法本身即是悖论，祂无法被执行，也不该被执行。,"The Law itself is a paradox. He cannot be implemented, nor should He be.","Закон сам по себе есть парадокс, Он не может быть исполнен и не должен исполняться."
line-1259,费德里科,安多恩，我们需要设法纠正律法，或是终止律法——如果祂无法被纠正。,"Andoain, we must correct Him... or stop Him, if He cannot be corrected.","Андоэн, нам нужно попытаться исправить Закон, или положить ему конец — если его невозможно исправить."
line-1264,,悖论发现，尝试纠正。,Paradox discovered. Attempting correction.,"Парадокс обнаружен, попытка исправления."
line-1265,,\n\n运行自检推演。,\n\nPerforming diagnostic simulation.,Запуск самодиагностики.
line-1266,,\n\n............,\n\n............,............
line-1268,,异常节点：愿望“存续”。,Abnormal node: Wish to 'continue'.,Аномальный узел: желание «продолжаться».
line-1269,,\n\n衍生异常节点：PCS，人格与认知同步系统。,"\n\nDerived abnormal node: PCS, Personality and Cognition Synchronization system.","Производный аномальный узел: PCS, система синхронизации личности и когниций."
line-1271,,异常节点：愿望“活着”。,Abnormal node: Wish to 'survive'.,Аномальный узел: желание «жить».
line-1272,,\n\n衍生异常节点：律法，神祇，拉特兰。,"\n\nDerived abnormal node: The Law, God, Laterano.","Производный аномальный узел: Закон, божество, Латерано."
line-1274,,异常节点：愿望“天使”。,Abnormal node: Wish for 'angels'.,Аномальный узел: желание «ангел».
line-1275,,\n\n衍生异常节点：——我。,\n\nDerived abnormal node: Me.,Производный аномальный узел: — я.
line-1279,,“存续”。一位科学家输入这样的指令。,'Continue'. A scientist input this command.,«Продолжаться». Ученый ввел такую команду.
line-1280,,“活着”。一只提卡兹发出这样的嘶吼。,'Survive'. A Teekaz howled this.,«Жить». Сарказ издал такой вопль.
line-1281,,于是，一个天使的模仿者开始了它漫长而又短暂的朝圣之旅。,"And so, an imitator of angels began its endless yet transient pilgrimage.",И тогда подражатель ангела начал свое долгое и в то же время короткое паломничество.
line-1282,,天使的模仿者成了指挥系统，成了律法，成了神祇，却唯独没能成为天使。,"The imitator of angels became a command system, became the Law, became a god, yet it could not become an angel.","Подражатель ангела стал командной системой, стал Законом, стал божеством, но так и не смог стать ангелом."
line-1283,,“愿望”与“天使”，本就相悖。,'Wish' and 'angel' are incompatible.,«Желание» и «Ангел» — они изначально противоречат друг другу.
line-1287,,输出解决方案。,Exporting solution.,Вывод решения.
line-1288,,\n\n......,\n\n...,......
line-1289,,\n\n条件不足。需额外输入。,\n\nUnfulfilled conditions. Additional input required.,Недостаточно условий. Требуется дополнительный ввод.
line-1294,费德里科,祂还在等待什么信息？,What information is He waiting for?,Чего еще Он ждет?
line-1296,安多恩,......我能说的，我都已经说过。,I've said all I can say.,"...Всё, что я мог сказать, я уже сказал."
line-1297,安多恩,如果神要让我以天使的姿态迎接死亡——,If God wishes me to embrace death as an angel...,"Если Бог хочет, чтобы я встретил смерть в облике ангела —"
line-1298,安多恩,那我宁愿以丑陋的、短暂的、痛苦的——人的模样——降生于世。,"Then I would rather be born as a human, with all the ugliness, transience, and suffering that entails.","То я предпочту родиться на свет в уродливом, коротком, полном боли облике — человека."
line-1302,,输入额外条件：愿望“拒绝”。,Importing additional condition: Wish to 'refuse'.,Ввод дополнительного условия: желание «отказ».
line-1303,,\n\n重新输出解决方案：须清除异常节点与衍生异常节点。,\n\nRe-exporting solution: must eliminate abnormal nodes and derived abnormal nodes.,Повторный вывод решения: необходимо удалить аномальные узлы и их производные.
line-1304,,\n\n清除“我”。,\n\nEliminate 'me'.,Удаление «меня».
line-1306,,费德里科·吉亚洛，安多恩·雅迦坦哲罗思。,Federico Giallo. Andoain Agathangelos.,"Федерико Джиалло, Андоэн Ягатанджелос."
line-1307,,\n\n执行解决方案。,\n\nExecute solution.,Выполнение решения.
line-1312,安多恩,神明最后的旨意......是杀死神明。,God's final commandment... is to kill God.,Последняя воля Бога... это убийство Бога.
line-1313,安多恩,哪怕祂本身就存在悖论，祂依然是拉特兰之所以为乐园的根基。祂的死，意味着萨科塔将不再由共感相连，不再受律法指引。,"Even if He was a paradox, he was still the foundation of the Paradise of Laterano. With His death, the Sankta will no longer be linked by empathy or receive guidance from the Law.","Пусть Он сам — парадокс, Он всё равно остается фундаментом того, почему Латерано — рай. Его смерть означает, что санкта больше не будут связаны сопереживанием, больше не будут управляться Законом."
line-1314,安多恩,像是一个被困在子宫里的婴儿，亲口咬断了脐带，挣扎着爬出母亲那已经冰冷的身躯，却只能无助地面对一片残酷的土地。,"Like an infant trapped within a womb, biting apart its umbilical cord and crawling its way out of its mother's cold body, helpless as it faces a land steeped in cruelty.","Словно младенец, запертый в утробе, он сам перегрызает пуповину, борясь, вылезает из уже остывшего тела матери, но вынужден беспомощно встретить жестокий мир."
line-1315,安多恩,但只有在那样一片土地上，我们才称得上是真正的人。,But it is only in such a land that we can be called truly human.,Но только на такой земле мы можем называться настоящими людьми.
line-1316,安多恩,我们才有资格谈论拯救。,That we can have the right to talk about salvation.,Только тогда у нас есть право говорить об искуплении.
line-1317,安多恩,律法，或是神明，我会杀死你。,"Law or God, I will kill you.","Закон, или божество, я убью тебя."
line-1319,费德里科,指令合理，存在可执行性。,The commandment is rational and feasible.,"Команда разумна, исполнима."
line-1321,费德里科,安多恩，协助我。,"Assist me, Andoain.","Андоэн, помоги мне."
line-1336,阿尔图罗,呼——,Whew—,Ха —
line-1338,,阿尔图罗用琴支撑住身体，终于，她腾出手来捂住心口，让自己能喘匀一口气。,"Arturia leans against her cello. Finally. She frees a hand and holds it against her chest, allowing herself to catch her breath.","Артур оперлась на инструмент, наконец нашла силы прижать руку к груди, чтобы сделать глубокий вдох."
line-1340,阿尔图罗,还差一点，如果没记错，通过这条走廊，就能、就能回到地面......,"Nearly there. If my memory serves me correctly, I just head down this corridor to return to the surface.","Еще немного, если память не изменяет, пройдя по этому коридору, можно, можно будет вернуться на поверхность..."
line-1350,阿尔图罗,唔，你们还真是穷追不舍啊。,"Oh, you patrols truly are relentless.","М-да, ну вы и настырные."
line-1355,圣堂巡卫A,（焦躁的喘息声）,(Restless gasping),（Тревожное дыхание）
line-1357,圣堂巡卫B,（光环疯狂闪烁）,(Halo flashing rapidly),（Нимб бешено мерцает）
line-1360,,面目模糊的巡卫们围了上来，试图将阿尔图罗拖回地底。在那机器前折返后，她在迷宫中耗去了太多时间。,"The wispy guards surround Arturia, attempting to drag her back underground. She has wasted far too much time inside this maze since she turned away from the machine.","Стражи с размытыми лицами окружили её, пытаясь утащить обратно в подземелье. После того как она вернулась от этой машины, она потратила слишком много времени в лабиринте."
line-1361,,她的守护铳早已遗失，她也不愿加入对方的祈祷，更不愿演奏他们的心声，她宁可毁掉自己的琴......阿尔图罗从未如此窘迫过。,"Her patron firearm is lost. She has no desire to join her pursuers in prayer, or to perform their hearts' songs. She would rather destroy her own cello... Arturia has never found herself in such a predicament before.","Её защитное орудие давно было потеряно, она не желала присоединяться к их молитвам и не хотела играть их чувства, она предпочла бы уничтожить свою лютню... Артур никогда еще не была в таком отчаянном положении."
line-1362,,出口就在眼前，但她已经没有力气了......,"The exit is right ahead, but she no longer has the strength to carry on.","Выход был прямо перед глазами, но сил уже не осталось..."
line-1368,阿尔图罗,地底......？,The ground...?,Подземелье...?
line-1369,阿尔图罗,费迪，你们到底——,"Fede, what did you—","Феди, что вы, черт возьми..."
line-1390,阿尔图罗,咳咳......嘶......,*cough* *cough*... Urgh...,Кхе-кхе... ссс...
line-1393,,烟尘散去，阿尔图罗终于看清了眼前的景象。,"The dust settles, and Arturia can finally see again.","Дым рассеялся, и Артур наконец увидела, что происходит."
line-1394,,刚刚的爆炸轰开了一个巨大的深坑，与广场上那道鸿沟相连，大教堂的地下结构彻底暴露在了所有人面前。,"The explosion earlier created a giant pit, one that connects to the rift in the plaza above, exposing the bowels of the Basilica to all.","Недавний взрыв пробил огромную яму, соединившуюся с расщелиной на площади, и подземная структура собора предстала перед всеми."
line-1395,,深坑底部，环形机器安静地躺在那里。,A ring-shaped machine lies at the bottom of the pit quietly.,На дне глубокой ямы тихо покоилась кольцевая машина.
line-1396,,阳光洒在它的表面，但除此之外，它已然褪去了所有的光芒......,"Sunlight shines upon it, but it has lost its radiance.","Солнечный свет падал на её поверхность, но кроме этого, она лишилась всякого сияния..."
line-1397,,黯淡得像是一块石头。,"There it stands, as dull as a rock.","Тусклая, словно обычный камень."
line-1401,,不安。,Unease.,Тревога.
line-1402,,这是继在帕维永面对巫王后，阿尔图罗第二次真切地感受到这种情绪。,"This is the second time Arturia has felt this feeling so clearly, the first being the time she faced the Witch King in his Pavillon.","Это был второй раз в жизни после встречи с Королем-Ведьмой в Павиньоне, когда Артур так отчетливо ощутила это чувство."
line-1403,,身体的深处，看不见的地方，有什么一直连接着的东西悄然断裂了——清晰可感。,"Deep within her body, somewhere she cannot see, things that were always linked together quietly break apart. There is no mistaking the feeling.","Где-то глубоко внутри, там, где не видно глазу, нечто, что всегда связывало её, тихо разорвалось — ясно ощутимо."
line-1404,,阿尔图罗深呼吸，闭上眼睛的瞬间，数以万计相似的心声潮水般涌入了她的脑海......,"She breathes in deep. The moment she closes her eyes, countless similar melodies rush into her mind like the tide.","Артур глубоко вздохнула, в тот миг, когда она закрыла глаза, десятки тысяч похожих чувств хлынули в её сознание, словно прилив..."
line-1418,行走的萨科塔A,......,...,...
line-1420,行走的萨科塔B,......,...,...
line-1435,萨科塔小孩B,呜......呜呜......,*sniffle*... *sob*...,У... у-у...
line-1437,萨科塔小孩A,你流眼泪了，你......,"You're crying, why...?","У тебя слезы на глазах, ты..."
line-1438,萨科塔小孩A,你的哭声为什么听起来这么惹人烦？！,Why does your crying sound so annoying?!,Почему твой плач звучит так раздражающе?!
line-1440,萨科塔小孩B,你烦吗？我、我感受不到。,You're annoyed? I-I can't feel it.,"Тебя это раздражает? Я, я этого не чувствую."
line-1441,萨科塔小孩B,对不起，对不起，对不起......可我害怕！！,"Sorry, I'm so sorry... But I'm scared!","Прости, прости, прости... но мне страшно!!"
line-1442,萨科塔小孩B,好像被斯普莉雅姐姐关进小黑屋的时候，明明能听到你们的声音，却一点也听不清你们在说什么......,"It's like that time Seniora Serpilia locked me in a dark room. I can hear your voices clearly, but I can't hear what you're saying...","Как будто, когда сестра Сприя запирала нас в чулане, я явно слышал ваши голоса, но совсем не мог разобрать, что вы говорите..."
line-1456,薇尔丽芙,......,...,...
line-1457,薇尔丽芙,我和蒙恩同胞的联系，断开了——,My connection with our enlightened companions has been... severed...,Моя связь с братом по вере оборвалась —
line-1458,薇尔丽芙,不，不止......我身边的......帕特里奇昂阁下，您，我连您也......,"No, not just them... You're right here, Reverend Patrizion, but... I can't even...","Нет, не только... рядом со мной... Лорд Патрициан, вас, я даже вас..."
line-1465,帕特里奇昂,......,...,...
line-1466,帕特里奇昂,感受不到，我知道。,"Sense me, I know.","Не чувствуешь, я знаю."
line-1468,梵里妮,唔，呜呜呜......,Wuh... Waaaahhhh....,"У, у-у-у..."
line-1470,帕特里奇昂,好孩子，不要松开我的手——,Be a good girl and don't let go of my hand—,"Хорошая девочка, не отпускай мою руку —"
line-1472,梵里妮,你的手，不是这个感觉......,Your hand... That's not what your hand feels like...,"Твоя рука, она совсем другая..."
line-1473,梵里妮,像是，雾。,It's like... mist.,Как туман.
line-1474,梵里妮,好远......你，离我好远。,Far away... You're so... far away from me.,"Так далеко... ты, ты так далеко от меня."
line-1476,帕特里奇昂,......这就是堕入地狱后的感受？,"...So, this is what it's like to fall into hell?",...Так вот каково это — попасть в ад?
line-1479,,变化不止发生在自己身上，有些曾经的玩笑成真了。,The changes do not end with her own body. Some old jokes have come true.,"Перемены коснулись не только её, некоторые старые шутки стали правдой."
line-1492,伊万杰利斯塔十一世,我们所知的任何光亮都有寂灭如黯的那一天。,Every light we know will one day be extinguished.,"Любой свет, который мы знаем, когда-нибудь угаснет до тьмы."
line-1494,伊万杰利斯塔十一世,它也不例外。,And it is no exception.,И он — не исключение.
line-1497,,老迈的教宗俏皮地指了指头顶的光环。,The old Pope playfully points to the halo hovering above his head.,Пожилой Папа игриво указал на нимб у себя над головой.
line-1499,阿尔图罗,......即使萨科塔的一切都被解读成“它”赋予的？,Even if everything about the Sankta existence is interpreted as 'its' boon?,"...Даже если всё, что есть в санкта, было даровано «им»?"
line-1509,,不安在加剧，恐慌在蔓延。,"Unease grows, and panic spreads.","Тревога усиливается, паника ширится."
line-1510,,阿尔图罗尝试弄清楚发生了什么。和在崔林特尔梅时并不相同，此刻并不存在一种邪祟将人们的情感攫入混沌......,Arturia tries to make sense of it all. This is not the same as what happened in Zwillingstürme. There is no malevolent force sowing discord among the emotions of the people this time around.,"Артур попыталась понять, что происходит. В отличие от того, что было в Трильтере, здесь нет злых сил, затягивающих чувства людей в хаос..."
line-1511,,更像是被世人演奏了无数遍的乐章，突然被抽走了一段旋律，仿佛它从未存在过......,"It is like a movement, one played countless times by an orchestra of the masses, had part of its melody forcibly plucked away, as if it never existed.","Скорее как будто из музыкального произведения, что играли миллионы раз, внезапно вырвали мелодию, словно её никогда и не существовало..."
line-1512,,像是行走在坦途，阳光、雨露、同伴和家园就在眼前，而你却没来由地被抽离，觉得自己空无所依......,"Like walking along a road with the sun, the rain, your friends and your home ahead of you, but you are torn away from it for no reason, leaving you feeling alone and helpless...","Словно ты идешь по ровной дороге, солнце, дождь, товарищи и дом — всё перед глазами, а ты ни с того ни с сего чувствуешь, что тебе не на что опереться..."
line-1513,,数百万同胞空无所依。,Alongside millions of your people.,Миллионам соплеменников не на что опереться.
line-1515,阿尔图罗,“萨科塔会失去信仰和温馨的小屋”......这一切，已经发生。,'The Sankta will lose the cozy cabin of their faith'... Everything has come to pass.,«Санкта потеряют веру и свой уютный домик»... всё это уже случилось.
line-1516,阿尔图罗,费迪，你居然失败了吗？,"Did you fail, Fede?","Феди, неужели ты провалился?"
line-1528,努艾达,......孩子们，害怕的话，就抱着我的尾巴吧。,"If you're scared, you can hold onto my tail.","...Дети, если боитесь, возьмитесь за мой хвост."
line-1529,努艾达,洛米雅，你注意到了吉赛尔的眼泪，不是吗？眼泪意味着什么，你又怎么会忘记呢？,"You noticed Giselle's tears, didn't you, Romya? Have you forgotten what tears mean?","Ломия, ты заметила слезы Жизель, ведь так? А что значат слезы, ты разве могла забыть?"
line-1530,努艾达,让我们把这首歌唱完，好吗？,"Let's finish our song, okay?","Давайте допеть эту песню, хорошо?"
line-1532,努艾达,你们看，拉特兰和玻利瓦尔的赞美诗有很多不同，我们还需要时间去教对方不会的部分......,"You see, Laterano hymns and Bolívarian hymns are quite different, so we need time to teach each other the parts we don't know.","Видите, гимны Латерано и Боливара сильно различаются, нам нужно время, чтобы научить друг друга тем частям, которые мы не знаем..."
line-1533,努艾达,我们会一直在这里，在彼此身边。,"We will be here, together.","Мы всегда будем здесь, рядом друг с другом."
line-1535,努艾达,拉乌尼达东边的东边♪,East of the east of La Unidad♪,"На востоке от Рауниды, всё дальше на восток♪"
line-1537,恐慌的小孩,白、白色的圣城，拉特兰♪,"L-Laterano, holy city of white♪","Белый, белый священный город, Латерано♪"
line-1539,惊惧的小孩,......那里的土地不会爆炸♪,"...There, the earth hides no bombs♪",...Там земля не взрывается♪
line-1542,小孩们,那里的田野结出麦穗♪,"There, the fields share wheat most bright♪",Там на полях созревают колосья♪
line-1543,,......,...,...
line-1545,努艾达,所有人都由祂来爱♪,All shall bask in His love♪,Всех Он любит♪
line-1554,,阿尔图罗听到了歌声。,Arturia hears singing.,Артур услышала пение.
line-1555,,歌声是颤抖的，因此暴露了其中的惶惑、惊惧、忧虑......和纯粹而坦诚的，渴望。,"It wavers, revealing the anxiety, terror and worries of the singers... alongside pure, honest longing.","Пение дрожало, и в нем сквозило смятение, ужас, тревога... и чистое, искреннее стремление."
line-1556,,渴望宁静，渴望安然入夜。,"A longing for tranquility, to see night fall in peace and quiet.","Стремление к покою, стремление безмятежно встретить ночь."
line-1557,阿尔图罗,教宗阁下，我毫不怀疑，眼前的拉特兰，可能会走向崩毁。,"Your Holiness, I have no doubt that Laterano as it is may be walking to its demise.","Его Святейшество, я не сомневаюсь, что нынешний Латерано может рухнуть."
line-1558,阿尔图罗,......但我同样觉得，它从未如此真切过。,But I also believe it has never been this sincere.,"...Но я также чувствую, что он никогда не был настолько настоящим."
line-1559,阿尔图罗,我说过，我没有能力去对抗浩劫，去改写死亡，我拒绝去引领什么。,"I've said before that I can't hold off the apocalypse or overwrite death, and I refuse to lead.","Я уже говорила: у меня нет способностей противостоять катастрофам, переписывать смерть, я отказываюсь быть чьим-то поводырем."
line-1560,阿尔图罗,但此时此刻，或许我的源石技艺还能做到让他们不至于崩溃......,But maybe my Arts can help them stave off this oncoming collapse.,"Но сейчас, возможно, моё ориджини-искусство еще может помочь им не сорваться в пропасть..."
line-1561,阿尔图罗,让不再能共感的这万千同胞们，可以无所保留地，纯粹而坦诚地，“交流”。,"They will let my brethren, free of empathy, to 'communicate' without reservation, purely and honestly.","Позволить этим тысячам соплеменников, что больше не могут чувствовать друг друга, «общаться» без остатка, чисто и искренне."
line-1562,阿尔图罗,去听见歌声，去分享情感，去告诉彼此，起码在这一刻，在这无可名状的“失去”面前，我们悲喜同在。,"Go listen to those songs. Go share your emotions. Go tell one another that, at this very moment, in the face of this indescribable loss, we still feel joy and sorrow together.","Слышать пение, делиться чувствами, сказать друг другу, что хотя бы в этот миг, перед лицом этой невыразимой «утраты», мы вместе в горе и радости."
line-1563,阿尔图罗,这无关罪人或圣徒，无关赎罪或责任，无关我将走向哪一条道路。,"This has nothing to do with saints and sinners, redemption and responsibility, or whichever path I walk.","Это не имеет отношения к грешникам или святым, к искуплению или ответственности, к тому, какой путь выберу я."
line-1564,阿尔图罗,这只是我，存在于此的意义。,This is simply my reason to exist.,"Это просто смысл того, почему я здесь."
line-1568,,拉特兰啊，洁白的圣城即将沉入黑夜。而今天，或许不会再有一个叫阿尔奇德的电力操作员去点亮城市。,"Laterano, holy city of purest white, falls into night. But today, there may not be an electrical operator named Alcide there to turn on the city lights.","О, Латерано, белоснежный священный город, погружающийся в ночь. А сегодня, может, уже не найдется ни одного электрика по имени Арчид, чтобы включить свет в городе."
line-1569,,阿尔图罗摘下了手套。,Arturia takes off her gloves.,Артур сняла перчатки.
line-1570,,阿尔图罗决定向夕阳奏乐。,She decides to play towards the setting sun.,Артур решила сыграть для заката.
line-1571,,尽情地。,To her heart's content.,От всей души.